[2025-12-20 20:27:23] ========== CRON START ==========
[2025-12-20 20:27:23] Date: 2025-12-20 | Jour: 20
[2025-12-20 20:27:23] Found 2 transactions to generate
[2025-12-20 20:27:23] ✓ Generated expense | User 1 | Nourriture | 1500.00 DH
[2025-12-20 20:27:23] ✓ Generated expense | User 1 | Transport | 1000.00 DH
[2025-12-20 20:27:23] ========== CRON END ==========
[2025-12-20 20:27:23] SUCCESS: 2 | ERRORS: 0
[2025-12-20 20:30:13] ========== CRON START ==========
[2025-12-20 20:30:13] Date: 2025-12-20 | Jour: 20
[2025-12-20 20:30:13] ✓ No recurring transactions to generate.
[2025-12-20 20:30:13] ========== CRON END ==========
[2025-12-20 20:30:33] ========== CRON START ==========
[2025-12-20 20:30:33] Date: 2025-12-20 | Jour: 20
[2025-12-20 20:30:33] ✓ No recurring transactions to generate.
[2025-12-20 20:30:33] ========== CRON END ==========
[2025-12-20 20:31:27] ========== CRON START ==========
[2025-12-20 20:31:27] Date: 2025-12-20 | Jour: 20
[2025-12-20 20:31:27] Found 2 transactions to generate
[2025-12-20 20:31:27] ✓ Generated expense | User 1 | Nourriture | 1500.00 DH
[2025-12-20 20:31:27] ✓ Generated expense | User 1 | Transport | 1000.00 DH
[2025-12-20 20:31:27] ========== CRON END ==========
[2025-12-20 20:31:27] SUCCESS: 2 | ERRORS: 0
[2025-12-20 21:52:26] ========== CRON START ==========
[2025-12-20 21:52:26] Date: 2025-12-20 | Jour: 20
[2025-12-20 21:52:26] Found 2 transactions to generate
[2025-12-20 21:52:26] ✓ Generated expense | User 1 | Nourriture | 1500.00 DH
[2025-12-20 21:52:26] ✓ Generated expense | User 1 | Transport | 1000.00 DH
[2025-12-20 21:52:26] ========== CRON END ==========
[2025-12-20 21:52:26] SUCCESS: 2 | ERRORS: 0
[2025-12-20 22:03:33] ========== CRON START ==========
[2025-12-20 22:03:33] Date: 2025-12-20 | Jour: 20
[2025-12-20 22:03:33] Found 2 transactions to generate
[2025-12-20 22:03:33] ✓ Generated expense | User 1 | Nourriture | 1500.00 DH
[2025-12-20 22:03:33] ✓ Generated expense | User 1 | Transport | 1000.00 DH
[2025-12-20 22:03:33] ========== CRON END ==========
[2025-12-20 22:03:33] SUCCESS: 2 | ERRORS: 0
[2025-12-20 22:10:01] ========== CRON START ==========
[2025-12-20 22:10:01] Date: 2025-12-20 | Jour: 20
[2025-12-20 22:10:01] Found 2 transactions to generate
[2025-12-20 22:10:01] ✓ Generated expense | User 1 | Nourriture | 1500.00 DH
[2025-12-20 22:10:01] ✓ Generated expense | User 1 | Transport | 1000.00 DH
[2025-12-20 22:10:01] ========== CRON END ==========
[2025-12-20 22:10:01] SUCCESS: 2 | ERRORS: 0
[2025-12-20 22:11:01] ========== CRON START ==========
[2025-12-20 22:11:01] Date: 2025-12-20 | Jour: 20
[2025-12-20 22:11:01] ✓ No recurring transactions to generate.
[2025-12-20 22:11:01] ========== CRON END ==========
[2025-12-20 22:12:01] ========== CRON START ==========
[2025-12-20 22:12:01] Date: 2025-12-20 | Jour: 20
[2025-12-20 22:12:01] Found 2 transactions to generate
[2025-12-20 22:12:01] ✓ Generated expense | User 1 | Nourriture | 1500.00 DH
[2025-12-20 22:12:01] ✓ Generated expense | User 1 | Transport | 1000.00 DH
[2025-12-20 22:12:01] ========== CRON END ==========
[2025-12-20 22:12:01] SUCCESS: 2 | ERRORS: 0
[2025-12-20 23:06:03] ========== CRON START ==========
[2025-12-20 23:06:03] Date: 2025-12-20 | Jour: 20
[2025-12-20 23:06:03] ✓ No recurring transactions to generate.
[2025-12-20 23:06:03] ========== CRON END ==========
[2025-12-21 15:08:20] ========== CRON START ==========
[2025-12-21 15:08:20] Date: 2025-12-21 | Jour: 21
[2025-12-21 15:08:20] ✓ No recurring transactions to generate.
[2025-12-21 15:08:20] ========== CRON END ==========
[2025-12-21 15:09:01] ========== CRON START ==========
[2025-12-21 15:09:01] Date: 2025-12-21 | Jour: 21
[2025-12-21 15:09:01] ✓ No recurring transactions to generate.
[2025-12-21 15:09:01] ========== CRON END ==========
[2025-12-21 15:10:01] ========== CRON START ==========
[2025-12-21 15:10:01] Date: 2025-12-21 | Jour: 21
[2025-12-21 15:10:01] ✓ No recurring transactions to generate.
[2025-12-21 15:10:01] ========== CRON END ==========
[2025-12-21 15:11:01] ========== CRON START ==========
[2025-12-21 15:11:01] Date: 2025-12-21 | Jour: 21
[2025-12-21 15:11:01] ✓ No recurring transactions to generate.
[2025-12-21 15:11:01] ========== CRON END ==========
[2025-12-21 15:12:01] ========== CRON START ==========
[2025-12-21 15:12:01] Date: 2025-12-21 | Jour: 21
[2025-12-21 15:12:01] ✓ No recurring transactions to generate.
[2025-12-21 15:12:01] ========== CRON END ==========
[2025-12-21 15:13:01] ========== CRON START ==========
[2025-12-21 15:13:01] Date: 2025-12-21 | Jour: 21
[2025-12-21 15:13:01] ✓ No recurring transactions to generate.
[2025-12-21 15:13:01] ========== CRON END ==========
[2025-12-21 15:14:01] ========== CRON START ==========
[2025-12-21 15:14:01] Date: 2025-12-21 | Jour: 21
[2025-12-21 15:14:01] ✓ No recurring transactions to generate.
[2025-12-21 15:14:01] ========== CRON END ==========
[2025-12-21 15:15:01] ========== CRON START ==========
[2025-12-21 15:15:01] Date: 2025-12-21 | Jour: 21
[2025-12-21 15:15:01] ✓ No recurring transactions to generate.
[2025-12-21 15:15:01] ========== CRON END ==========
[2025-12-21 15:16:01] ========== CRON START ==========
[2025-12-21 15:16:01] Date: 2025-12-21 | Jour: 21
[2025-12-21 15:16:01] ✓ No recurring transactions to generate.
[2025-12-21 15:16:01] ========== CRON END ==========
[2025-12-21 15:17:02] ========== CRON START ==========
[2025-12-21 15:17:02] Date: 2025-12-21 | Jour: 21
[2025-12-21 15:17:02] ✓ No recurring transactions to generate.
[2025-12-21 15:17:02] ========== CRON END ==========
[2025-12-21 15:18:01] ========== CRON START ==========
[2025-12-21 15:18:01] Date: 2025-12-21 | Jour: 21
[2025-12-21 15:18:01] ✓ No recurring transactions to generate.
[2025-12-21 15:18:01] ========== CRON END ==========
[2025-12-21 15:19:01] ========== CRON START ==========
[2025-12-21 15:19:01] Date: 2025-12-21 | Jour: 21
[2025-12-21 15:19:01] ✓ No recurring transactions to generate.
[2025-12-21 15:19:01] ========== CRON END ==========
[2025-12-21 15:20:01] ========== CRON START ==========
[2025-12-21 15:20:01] Date: 2025-12-21 | Jour: 21
[2025-12-21 15:20:01] ✓ No recurring transactions to generate.
[2025-12-21 15:20:01] ========== CRON END ==========
[2025-12-21 15:21:01] ========== CRON START ==========
[2025-12-21 15:21:01] Date: 2025-12-21 | Jour: 21
[2025-12-21 15:21:01] ✓ No recurring transactions to generate.
[2025-12-21 15:21:01] ========== CRON END ==========
[2025-12-21 15:22:01] ========== CRON START ==========
[2025-12-21 15:22:01] Date: 2025-12-21 | Jour: 21
[2025-12-21 15:22:01] ✓ No recurring transactions to generate.
[2025-12-21 15:22:01] ========== CRON END ==========
[2025-12-21 15:23:01] ========== CRON START ==========
[2025-12-21 15:23:01] Date: 2025-12-21 | Jour: 21
[2025-12-21 15:23:01] ✓ No recurring transactions to generate.
[2025-12-21 15:23:01] ========== CRON END ==========
[2025-12-21 15:24:01] ========== CRON START ==========
[2025-12-21 15:24:01] Date: 2025-12-21 | Jour: 21
[2025-12-21 15:24:01] ✓ No recurring transactions to generate.
[2025-12-21 15:24:01] ========== CRON END ==========
[2025-12-21 15:25:01] ========== CRON START ==========
[2025-12-21 15:25:01] Date: 2025-12-21 | Jour: 21
[2025-12-21 15:25:01] ✓ No recurring transactions to generate.
[2025-12-21 15:25:01] ========== CRON END ==========
[2025-12-21 15:26:01] ========== CRON START ==========
[2025-12-21 15:26:01] Date: 2025-12-21 | Jour: 21
[2025-12-21 15:26:01] ✓ No recurring transactions to generate.
[2025-12-21 15:26:01] ========== CRON END ==========
[2025-12-21 15:27:01] ========== CRON START ==========
[2025-12-21 15:27:01] Date: 2025-12-21 | Jour: 21
[2025-12-21 15:27:01] ✓ No recurring transactions to generate.
[2025-12-21 15:27:01] ========== CRON END ==========
[2025-12-21 15:28:01] ========== CRON START ==========
[2025-12-21 15:28:01] Date: 2025-12-21 | Jour: 21
[2025-12-21 15:28:01] ✓ No recurring transactions to generate.
[2025-12-21 15:28:01] ========== CRON END ==========
[2025-12-21 15:29:01] ========== CRON START ==========
[2025-12-21 15:29:01] Date: 2025-12-21 | Jour: 21
[2025-12-21 15:29:01] ✓ No recurring transactions to generate.
[2025-12-21 15:29:01] ========== CRON END ==========
[2025-12-21 15:30:01] ========== CRON START ==========
[2025-12-21 15:30:01] Date: 2025-12-21 | Jour: 21
[2025-12-21 15:30:01] ✓ No recurring transactions to generate.
[2025-12-21 15:30:01] ========== CRON END ==========
[2025-12-21 15:31:01] ========== CRON START ==========
[2025-12-21 15:31:01] Date: 2025-12-21 | Jour: 21
[2025-12-21 15:31:01] ✓ No recurring transactions to generate.
[2025-12-21 15:31:01] ========== CRON END ==========
[2025-12-21 15:32:01] ========== CRON START ==========
[2025-12-21 15:32:01] Date: 2025-12-21 | Jour: 21
[2025-12-21 15:32:01] ✓ No recurring transactions to generate.
[2025-12-21 15:32:01] ========== CRON END ==========
[2025-12-21 15:33:01] ========== CRON START ==========
[2025-12-21 15:33:01] Date: 2025-12-21 | Jour: 21
[2025-12-21 15:33:01] ✓ No recurring transactions to generate.
[2025-12-21 15:33:01] ========== CRON END ==========
[2025-12-21 15:34:01] ========== CRON START ==========
[2025-12-21 15:34:01] Date: 2025-12-21 | Jour: 21
[2025-12-21 15:34:01] ✓ No recurring transactions to generate.
[2025-12-21 15:34:01] ========== CRON END ==========
[2025-12-21 15:35:01] ========== CRON START ==========
[2025-12-21 15:35:01] Date: 2025-12-21 | Jour: 21
[2025-12-21 15:35:01] ✓ No recurring transactions to generate.
[2025-12-21 15:35:01] ========== CRON END ==========
[2025-12-21 15:36:01] ========== CRON START ==========
[2025-12-21 15:36:01] Date: 2025-12-21 | Jour: 21
[2025-12-21 15:36:01] ✓ No recurring transactions to generate.
[2025-12-21 15:36:01] ========== CRON END ==========
[2025-12-21 15:37:01] ========== CRON START ==========
[2025-12-21 15:37:01] Date: 2025-12-21 | Jour: 21
[2025-12-21 15:37:01] ✓ No recurring transactions to generate.
[2025-12-21 15:37:01] ========== CRON END ==========
[2025-12-21 15:38:01] ========== CRON START ==========
[2025-12-21 15:38:01] Date: 2025-12-21 | Jour: 21
[2025-12-21 15:38:01] ✓ No recurring transactions to generate.
[2025-12-21 15:38:01] ========== CRON END ==========
[2025-12-21 15:39:01] ========== CRON START ==========
[2025-12-21 15:39:01] Date: 2025-12-21 | Jour: 21
[2025-12-21 15:39:01] ✓ No recurring transactions to generate.
[2025-12-21 15:39:01] ========== CRON END ==========
[2025-12-21 15:40:01] ========== CRON START ==========
[2025-12-21 15:40:01] Date: 2025-12-21 | Jour: 21
[2025-12-21 15:40:01] ✓ No recurring transactions to generate.
[2025-12-21 15:40:01] ========== CRON END ==========
[2025-12-21 15:41:01] ========== CRON START ==========
[2025-12-21 15:41:01] Date: 2025-12-21 | Jour: 21
[2025-12-21 15:41:01] ✓ No recurring transactions to generate.
[2025-12-21 15:41:01] ========== CRON END ==========
[2025-12-21 15:42:01] ========== CRON START ==========
[2025-12-21 15:42:01] Date: 2025-12-21 | Jour: 21
[2025-12-21 15:42:01] ✓ No recurring transactions to generate.
[2025-12-21 15:42:01] ========== CRON END ==========
[2025-12-21 15:43:01] ========== CRON START ==========
[2025-12-21 15:43:01] Date: 2025-12-21 | Jour: 21
[2025-12-21 15:43:01] ✓ No recurring transactions to generate.
[2025-12-21 15:43:01] ========== CRON END ==========
[2025-12-21 15:44:01] ========== CRON START ==========
[2025-12-21 15:44:01] Date: 2025-12-21 | Jour: 21
[2025-12-21 15:44:01] ✓ No recurring transactions to generate.
[2025-12-21 15:44:01] ========== CRON END ==========
[2025-12-21 15:45:01] ========== CRON START ==========
[2025-12-21 15:45:01] Date: 2025-12-21 | Jour: 21
[2025-12-21 15:45:01] ✓ No recurring transactions to generate.
[2025-12-21 15:45:01] ========== CRON END ==========
[2025-12-21 15:46:01] ========== CRON START ==========
[2025-12-21 15:46:01] Date: 2025-12-21 | Jour: 21
[2025-12-21 15:46:01] ✓ No recurring transactions to generate.
[2025-12-21 15:46:01] ========== CRON END ==========
[2025-12-21 15:47:01] ========== CRON START ==========
[2025-12-21 15:47:01] Date: 2025-12-21 | Jour: 21
[2025-12-21 15:47:01] ✓ No recurring transactions to generate.
[2025-12-21 15:47:01] ========== CRON END ==========
[2025-12-21 15:48:02] ========== CRON START ==========
[2025-12-21 15:48:02] Date: 2025-12-21 | Jour: 21
[2025-12-21 15:48:02] ✓ No recurring transactions to generate.
[2025-12-21 15:48:02] ========== CRON END ==========
[2025-12-21 15:49:01] ========== CRON START ==========
[2025-12-21 15:49:01] Date: 2025-12-21 | Jour: 21
[2025-12-21 15:49:01] ✓ No recurring transactions to generate.
[2025-12-21 15:49:01] ========== CRON END ==========
[2025-12-21 15:50:01] ========== CRON START ==========
[2025-12-21 15:50:01] Date: 2025-12-21 | Jour: 21
[2025-12-21 15:50:01] ✓ No recurring transactions to generate.
[2025-12-21 15:50:01] ========== CRON END ==========
[2025-12-21 15:51:01] ========== CRON START ==========
[2025-12-21 15:51:01] Date: 2025-12-21 | Jour: 21
[2025-12-21 15:51:01] ✓ No recurring transactions to generate.
[2025-12-21 15:51:01] ========== CRON END ==========
[2025-12-21 15:52:01] ========== CRON START ==========
[2025-12-21 15:52:01] Date: 2025-12-21 | Jour: 21
[2025-12-21 15:52:01] ✓ No recurring transactions to generate.
[2025-12-21 15:52:01] ========== CRON END ==========
[2025-12-21 15:53:01] ========== CRON START ==========
[2025-12-21 15:53:01] Date: 2025-12-21 | Jour: 21
[2025-12-21 15:53:01] ✓ No recurring transactions to generate.
[2025-12-21 15:53:01] ========== CRON END ==========
[2025-12-21 15:54:01] ========== CRON START ==========
[2025-12-21 15:54:01] Date: 2025-12-21 | Jour: 21
[2025-12-21 15:54:01] ✓ No recurring transactions to generate.
[2025-12-21 15:54:01] ========== CRON END ==========
[2025-12-21 15:55:01] ========== CRON START ==========
[2025-12-21 15:55:01] Date: 2025-12-21 | Jour: 21
[2025-12-21 15:55:01] ✓ No recurring transactions to generate.
[2025-12-21 15:55:01] ========== CRON END ==========
[2025-12-21 15:56:01] ========== CRON START ==========
[2025-12-21 15:56:01] Date: 2025-12-21 | Jour: 21
[2025-12-21 15:56:01] ✓ No recurring transactions to generate.
[2025-12-21 15:56:01] ========== CRON END ==========
[2025-12-21 15:57:01] ========== CRON START ==========
[2025-12-21 15:57:01] Date: 2025-12-21 | Jour: 21
[2025-12-21 15:57:01] ✓ No recurring transactions to generate.
[2025-12-21 15:57:01] ========== CRON END ==========
[2025-12-21 15:58:01] ========== CRON START ==========
[2025-12-21 15:58:01] Date: 2025-12-21 | Jour: 21
[2025-12-21 15:58:01] ✓ No recurring transactions to generate.
[2025-12-21 15:58:01] ========== CRON END ==========
[2025-12-21 15:59:01] ========== CRON START ==========
[2025-12-21 15:59:01] Date: 2025-12-21 | Jour: 21
[2025-12-21 15:59:01] ✓ No recurring transactions to generate.
[2025-12-21 15:59:01] ========== CRON END ==========
[2025-12-21 16:00:01] ========== CRON START ==========
[2025-12-21 16:00:01] Date: 2025-12-21 | Jour: 21
[2025-12-21 16:00:01] ✓ No recurring transactions to generate.
[2025-12-21 16:00:01] ========== CRON END ==========
[2025-12-21 16:01:01] ========== CRON START ==========
[2025-12-21 16:01:01] Date: 2025-12-21 | Jour: 21
[2025-12-21 16:01:01] ✓ No recurring transactions to generate.
[2025-12-21 16:01:01] ========== CRON END ==========
[2025-12-21 16:02:01] ========== CRON START ==========
[2025-12-21 16:02:01] Date: 2025-12-21 | Jour: 21
[2025-12-21 16:02:01] ✓ No recurring transactions to generate.
[2025-12-21 16:02:01] ========== CRON END ==========
[2025-12-21 16:03:01] ========== CRON START ==========
[2025-12-21 16:03:01] Date: 2025-12-21 | Jour: 21
[2025-12-21 16:03:01] ✓ No recurring transactions to generate.
[2025-12-21 16:03:01] ========== CRON END ==========
[2025-12-21 16:04:01] ========== CRON START ==========
[2025-12-21 16:04:01] Date: 2025-12-21 | Jour: 21
[2025-12-21 16:04:01] ✓ No recurring transactions to generate.
[2025-12-21 16:04:01] ========== CRON END ==========
[2025-12-21 16:05:01] ========== CRON START ==========
[2025-12-21 16:05:01] Date: 2025-12-21 | Jour: 21
[2025-12-21 16:05:01] ✓ No recurring transactions to generate.
[2025-12-21 16:05:01] ========== CRON END ==========
[2025-12-21 16:06:01] ========== CRON START ==========
[2025-12-21 16:06:01] Date: 2025-12-21 | Jour: 21
[2025-12-21 16:06:01] ✓ No recurring transactions to generate.
[2025-12-21 16:06:01] ========== CRON END ==========
[2025-12-21 16:07:01] ========== CRON START ==========
[2025-12-21 16:07:01] Date: 2025-12-21 | Jour: 21
[2025-12-21 16:07:01] ✓ No recurring transactions to generate.
[2025-12-21 16:07:01] ========== CRON END ==========
[2025-12-21 16:08:01] ========== CRON START ==========
[2025-12-21 16:08:01] Date: 2025-12-21 | Jour: 21
[2025-12-21 16:08:01] ✓ No recurring transactions to generate.
[2025-12-21 16:08:01] ========== CRON END ==========
[2025-12-21 16:09:01] ========== CRON START ==========
[2025-12-21 16:09:01] Date: 2025-12-21 | Jour: 21
[2025-12-21 16:09:01] ✓ No recurring transactions to generate.
[2025-12-21 16:09:01] ========== CRON END ==========
[2025-12-21 16:10:01] ========== CRON START ==========
[2025-12-21 16:10:01] Date: 2025-12-21 | Jour: 21
[2025-12-21 16:10:01] ✓ No recurring transactions to generate.
[2025-12-21 16:10:01] ========== CRON END ==========
[2025-12-21 16:11:01] ========== CRON START ==========
[2025-12-21 16:11:01] Date: 2025-12-21 | Jour: 21
[2025-12-21 16:11:01] ✓ No recurring transactions to generate.
[2025-12-21 16:11:01] ========== CRON END ==========
[2025-12-21 16:12:01] ========== CRON START ==========
[2025-12-21 16:12:01] Date: 2025-12-21 | Jour: 21
[2025-12-21 16:12:01] ✓ No recurring transactions to generate.
[2025-12-21 16:12:01] ========== CRON END ==========
[2025-12-21 16:13:01] ========== CRON START ==========
[2025-12-21 16:13:01] Date: 2025-12-21 | Jour: 21
[2025-12-21 16:13:01] ✓ No recurring transactions to generate.
[2025-12-21 16:13:01] ========== CRON END ==========
[2025-12-21 16:14:01] ========== CRON START ==========
[2025-12-21 16:14:01] Date: 2025-12-21 | Jour: 21
[2025-12-21 16:14:01] ✓ No recurring transactions to generate.
[2025-12-21 16:14:01] ========== CRON END ==========
[2025-12-21 16:15:01] ========== CRON START ==========
[2025-12-21 16:15:01] Date: 2025-12-21 | Jour: 21
[2025-12-21 16:15:01] ✓ No recurring transactions to generate.
[2025-12-21 16:15:01] ========== CRON END ==========
[2025-12-21 16:16:01] ========== CRON START ==========
[2025-12-21 16:16:01] Date: 2025-12-21 | Jour: 21
[2025-12-21 16:16:01] ✓ No recurring transactions to generate.
[2025-12-21 16:16:01] ========== CRON END ==========
[2025-12-21 16:17:01] ========== CRON START ==========
[2025-12-21 16:17:01] Date: 2025-12-21 | Jour: 21
[2025-12-21 16:17:01] ✓ No recurring transactions to generate.
[2025-12-21 16:17:01] ========== CRON END ==========
[2025-12-21 16:18:01] ========== CRON START ==========
[2025-12-21 16:18:01] Date: 2025-12-21 | Jour: 21
[2025-12-21 16:18:01] ✓ No recurring transactions to generate.
[2025-12-21 16:18:01] ========== CRON END ==========
[2025-12-21 16:19:01] ========== CRON START ==========
[2025-12-21 16:19:01] Date: 2025-12-21 | Jour: 21
[2025-12-21 16:19:01] ✓ No recurring transactions to generate.
[2025-12-21 16:19:01] ========== CRON END ==========
[2025-12-21 16:20:01] ========== CRON START ==========
[2025-12-21 16:20:01] Date: 2025-12-21 | Jour: 21
[2025-12-21 16:20:01] ✓ No recurring transactions to generate.
[2025-12-21 16:20:01] ========== CRON END ==========
[2025-12-21 16:21:02] ========== CRON START ==========
[2025-12-21 16:21:02] Date: 2025-12-21 | Jour: 21
[2025-12-21 16:21:02] ✓ No recurring transactions to generate.
[2025-12-21 16:21:02] ========== CRON END ==========
[2025-12-21 16:22:01] ========== CRON START ==========
[2025-12-21 16:22:01] Date: 2025-12-21 | Jour: 21
[2025-12-21 16:22:01] ✓ No recurring transactions to generate.
[2025-12-21 16:22:01] ========== CRON END ==========
[2025-12-21 16:23:01] ========== CRON START ==========
[2025-12-21 16:23:01] Date: 2025-12-21 | Jour: 21
[2025-12-21 16:23:01] ✓ No recurring transactions to generate.
[2025-12-21 16:23:01] ========== CRON END ==========
[2025-12-21 16:24:01] ========== CRON START ==========
[2025-12-21 16:24:01] Date: 2025-12-21 | Jour: 21
[2025-12-21 16:24:01] ✓ No recurring transactions to generate.
[2025-12-21 16:24:01] ========== CRON END ==========
[2025-12-21 16:25:01] ========== CRON START ==========
[2025-12-21 16:25:01] Date: 2025-12-21 | Jour: 21
[2025-12-21 16:25:01] ✓ No recurring transactions to generate.
[2025-12-21 16:25:01] ========== CRON END ==========
[2025-12-21 16:26:01] ========== CRON START ==========
[2025-12-21 16:26:01] Date: 2025-12-21 | Jour: 21
[2025-12-21 16:26:01] ✓ No recurring transactions to generate.
[2025-12-21 16:26:01] ========== CRON END ==========
[2025-12-21 16:27:01] ========== CRON START ==========
[2025-12-21 16:27:01] Date: 2025-12-21 | Jour: 21
[2025-12-21 16:27:01] ✓ No recurring transactions to generate.
[2025-12-21 16:27:01] ========== CRON END ==========
[2025-12-21 16:28:01] ========== CRON START ==========
[2025-12-21 16:28:01] Date: 2025-12-21 | Jour: 21
[2025-12-21 16:28:01] ✓ No recurring transactions to generate.
[2025-12-21 16:28:01] ========== CRON END ==========
[2025-12-21 16:29:01] ========== CRON START ==========
[2025-12-21 16:29:01] Date: 2025-12-21 | Jour: 21
[2025-12-21 16:29:01] ✓ No recurring transactions to generate.
[2025-12-21 16:29:01] ========== CRON END ==========
[2025-12-21 16:30:01] ========== CRON START ==========
[2025-12-21 16:30:01] Date: 2025-12-21 | Jour: 21
[2025-12-21 16:30:01] ✓ No recurring transactions to generate.
[2025-12-21 16:30:01] ========== CRON END ==========
[2025-12-21 16:31:01] ========== CRON START ==========
[2025-12-21 16:31:01] Date: 2025-12-21 | Jour: 21
[2025-12-21 16:31:01] ✓ No recurring transactions to generate.
[2025-12-21 16:31:01] ========== CRON END ==========
[2025-12-21 16:32:01] ========== CRON START ==========
[2025-12-21 16:32:01] Date: 2025-12-21 | Jour: 21
[2025-12-21 16:32:01] ✓ No recurring transactions to generate.
[2025-12-21 16:32:01] ========== CRON END ==========
[2025-12-21 17:18:42] ========== CRON START ==========
[2025-12-21 17:18:42] Date: 2025-12-21 | Jour: 21
[2025-12-21 17:18:42] ✓ No recurring transactions to generate.
[2025-12-21 17:18:42] ========== CRON END ==========
[2025-12-21 17:19:01] ========== CRON START ==========
[2025-12-21 17:19:01] Date: 2025-12-21 | Jour: 21
[2025-12-21 17:19:01] ✓ No recurring transactions to generate.
[2025-12-21 17:19:01] ========== CRON END ==========
[2025-12-21 17:20:01] ========== CRON START ==========
[2025-12-21 17:20:01] Date: 2025-12-21 | Jour: 21
[2025-12-21 17:20:01] ✓ No recurring transactions to generate.
[2025-12-21 17:20:01] ========== CRON END ==========
[2025-12-21 17:21:01] ========== CRON START ==========
[2025-12-21 17:21:01] Date: 2025-12-21 | Jour: 21
[2025-12-21 17:21:01] ✓ No recurring transactions to generate.
[2025-12-21 17:21:01] ========== CRON END ==========
[2025-12-21 17:22:02] ========== CRON START ==========
[2025-12-21 17:22:02] Date: 2025-12-21 | Jour: 21
[2025-12-21 17:22:02] ✓ No recurring transactions to generate.
[2025-12-21 17:22:02] ========== CRON END ==========
[2025-12-21 17:23:01] ========== CRON START ==========
[2025-12-21 17:23:01] Date: 2025-12-21 | Jour: 21
[2025-12-21 17:23:01] ✓ No recurring transactions to generate.
[2025-12-21 17:23:01] ========== CRON END ==========
[2025-12-21 17:24:01] ========== CRON START ==========
[2025-12-21 17:24:01] Date: 2025-12-21 | Jour: 21
[2025-12-21 17:24:01] ✓ No recurring transactions to generate.
[2025-12-21 17:24:01] ========== CRON END ==========
[2025-12-21 17:25:01] ========== CRON START ==========
[2025-12-21 17:25:01] Date: 2025-12-21 | Jour: 21
[2025-12-21 17:25:01] ✓ No recurring transactions to generate.
[2025-12-21 17:25:01] ========== CRON END ==========
[2025-12-21 17:26:01] ========== CRON START ==========
[2025-12-21 17:26:01] Date: 2025-12-21 | Jour: 21
[2025-12-21 17:26:01] ✓ No recurring transactions to generate.
[2025-12-21 17:26:01] ========== CRON END ==========
[2025-12-21 17:27:01] ========== CRON START ==========
[2025-12-21 17:27:01] Date: 2025-12-21 | Jour: 21
[2025-12-21 17:27:01] ✓ No recurring transactions to generate.
[2025-12-21 17:27:01] ========== CRON END ==========
[2025-12-21 17:28:01] ========== CRON START ==========
[2025-12-21 17:28:01] Date: 2025-12-21 | Jour: 21
[2025-12-21 17:28:01] ✓ No recurring transactions to generate.
[2025-12-21 17:28:01] ========== CRON END ==========
[2025-12-21 17:29:01] ========== CRON START ==========
[2025-12-21 17:29:01] Date: 2025-12-21 | Jour: 21
[2025-12-21 17:29:01] ✓ No recurring transactions to generate.
[2025-12-21 17:29:01] ========== CRON END ==========
[2025-12-21 17:30:01] ========== CRON START ==========
[2025-12-21 17:30:01] Date: 2025-12-21 | Jour: 21
[2025-12-21 17:30:01] ✓ No recurring transactions to generate.
[2025-12-21 17:30:01] ========== CRON END ==========
[2025-12-21 17:31:01] ========== CRON START ==========
[2025-12-21 17:31:01] Date: 2025-12-21 | Jour: 21
[2025-12-21 17:31:01] ✓ No recurring transactions to generate.
[2025-12-21 17:31:01] ========== CRON END ==========
[2025-12-21 17:32:01] ========== CRON START ==========
[2025-12-21 17:32:01] Date: 2025-12-21 | Jour: 21
[2025-12-21 17:32:01] ✓ No recurring transactions to generate.
[2025-12-21 17:32:01] ========== CRON END ==========
[2025-12-21 17:33:01] ========== CRON START ==========
[2025-12-21 17:33:01] Date: 2025-12-21 | Jour: 21
[2025-12-21 17:33:01] ✓ No recurring transactions to generate.
[2025-12-21 17:33:01] ========== CRON END ==========
[2025-12-21 17:34:01] ========== CRON START ==========
[2025-12-21 17:34:01] Date: 2025-12-21 | Jour: 21
[2025-12-21 17:34:01] ✓ No recurring transactions to generate.
[2025-12-21 17:34:01] ========== CRON END ==========
[2025-12-21 17:35:01] ========== CRON START ==========
[2025-12-21 17:35:01] Date: 2025-12-21 | Jour: 21
[2025-12-21 17:35:01] ✓ No recurring transactions to generate.
[2025-12-21 17:35:01] ========== CRON END ==========
[2025-12-21 17:36:01] ========== CRON START ==========
[2025-12-21 17:36:01] Date: 2025-12-21 | Jour: 21
[2025-12-21 17:36:01] ✓ No recurring transactions to generate.
[2025-12-21 17:36:01] ========== CRON END ==========
[2025-12-21 17:37:01] ========== CRON START ==========
[2025-12-21 17:37:01] Date: 2025-12-21 | Jour: 21
[2025-12-21 17:37:01] ✓ No recurring transactions to generate.
[2025-12-21 17:37:01] ========== CRON END ==========
[2025-12-21 17:38:01] ========== CRON START ==========
[2025-12-21 17:38:01] Date: 2025-12-21 | Jour: 21
[2025-12-21 17:38:01] ✓ No recurring transactions to generate.
[2025-12-21 17:38:01] ========== CRON END ==========
[2025-12-21 17:39:02] ========== CRON START ==========
[2025-12-21 17:39:02] Date: 2025-12-21 | Jour: 21
[2025-12-21 17:39:02] ✓ No recurring transactions to generate.
[2025-12-21 17:39:02] ========== CRON END ==========
[2025-12-21 17:40:01] ========== CRON START ==========
[2025-12-21 17:40:01] Date: 2025-12-21 | Jour: 21
[2025-12-21 17:40:01] ✓ No recurring transactions to generate.
[2025-12-21 17:40:01] ========== CRON END ==========
[2025-12-21 17:41:01] ========== CRON START ==========
[2025-12-21 17:41:01] Date: 2025-12-21 | Jour: 21
[2025-12-21 17:41:01] ✓ No recurring transactions to generate.
[2025-12-21 17:41:01] ========== CRON END ==========
[2025-12-21 17:42:01] ========== CRON START ==========
[2025-12-21 17:42:01] Date: 2025-12-21 | Jour: 21
[2025-12-21 17:42:01] ✓ No recurring transactions to generate.
[2025-12-21 17:42:01] ========== CRON END ==========
[2025-12-21 17:43:01] ========== CRON START ==========
[2025-12-21 17:43:01] Date: 2025-12-21 | Jour: 21
[2025-12-21 17:43:01] ✓ No recurring transactions to generate.
[2025-12-21 17:43:01] ========== CRON END ==========
[2025-12-21 17:44:01] ========== CRON START ==========
[2025-12-21 17:44:01] Date: 2025-12-21 | Jour: 21
[2025-12-21 17:44:01] ✓ No recurring transactions to generate.
[2025-12-21 17:44:01] ========== CRON END ==========
[2025-12-21 17:45:01] ========== CRON START ==========
[2025-12-21 17:45:01] Date: 2025-12-21 | Jour: 21
[2025-12-21 17:45:01] ✓ No recurring transactions to generate.
[2025-12-21 17:45:01] ========== CRON END ==========
[2025-12-21 17:46:01] ========== CRON START ==========
[2025-12-21 17:46:01] Date: 2025-12-21 | Jour: 21
[2025-12-21 17:46:01] ✓ No recurring transactions to generate.
[2025-12-21 17:46:01] ========== CRON END ==========
[2025-12-21 17:47:01] ========== CRON START ==========
[2025-12-21 17:47:01] Date: 2025-12-21 | Jour: 21
[2025-12-21 17:47:01] ✓ No recurring transactions to generate.
[2025-12-21 17:47:01] ========== CRON END ==========
[2025-12-21 17:48:01] ========== CRON START ==========
[2025-12-21 17:48:01] Date: 2025-12-21 | Jour: 21
[2025-12-21 17:48:01] ✓ No recurring transactions to generate.
[2025-12-21 17:48:01] ========== CRON END ==========
[2025-12-21 17:49:01] ========== CRON START ==========
[2025-12-21 17:49:01] Date: 2025-12-21 | Jour: 21
[2025-12-21 17:49:01] ✓ No recurring transactions to generate.
[2025-12-21 17:49:01] ========== CRON END ==========
[2025-12-21 17:50:01] ========== CRON START ==========
[2025-12-21 17:50:01] Date: 2025-12-21 | Jour: 21
[2025-12-21 17:50:01] ✓ No recurring transactions to generate.
[2025-12-21 17:50:01] ========== CRON END ==========
[2025-12-21 17:51:01] ========== CRON START ==========
[2025-12-21 17:51:01] Date: 2025-12-21 | Jour: 21
[2025-12-21 17:51:01] ✓ No recurring transactions to generate.
[2025-12-21 17:51:01] ========== CRON END ==========
[2025-12-21 17:52:01] ========== CRON START ==========
[2025-12-21 17:52:01] Date: 2025-12-21 | Jour: 21
[2025-12-21 17:52:01] ✓ No recurring transactions to generate.
[2025-12-21 17:52:01] ========== CRON END ==========
[2025-12-21 17:53:01] ========== CRON START ==========
[2025-12-21 17:53:01] Date: 2025-12-21 | Jour: 21
[2025-12-21 17:53:01] ✓ No recurring transactions to generate.
[2025-12-21 17:53:01] ========== CRON END ==========
[2025-12-21 17:54:01] ========== CRON START ==========
[2025-12-21 17:54:01] Date: 2025-12-21 | Jour: 21
[2025-12-21 17:54:01] ✓ No recurring transactions to generate.
[2025-12-21 17:54:01] ========== CRON END ==========
[2025-12-21 17:55:01] ========== CRON START ==========
[2025-12-21 17:55:01] Date: 2025-12-21 | Jour: 21
[2025-12-21 17:55:01] ✓ No recurring transactions to generate.
[2025-12-21 17:55:01] ========== CRON END ==========
[2025-12-21 17:56:02] ========== CRON START ==========
[2025-12-21 17:56:02] Date: 2025-12-21 | Jour: 21
[2025-12-21 17:56:02] ✓ No recurring transactions to generate.
[2025-12-21 17:56:02] ========== CRON END ==========
[2025-12-21 17:57:01] ========== CRON START ==========
[2025-12-21 17:57:01] Date: 2025-12-21 | Jour: 21
[2025-12-21 17:57:01] ✓ No recurring transactions to generate.
[2025-12-21 17:57:01] ========== CRON END ==========
[2025-12-21 17:58:01] ========== CRON START ==========
[2025-12-21 17:58:01] Date: 2025-12-21 | Jour: 21
[2025-12-21 17:58:01] ✓ No recurring transactions to generate.
[2025-12-21 17:58:01] ========== CRON END ==========
[2025-12-21 17:59:01] ========== CRON START ==========
[2025-12-21 17:59:01] Date: 2025-12-21 | Jour: 21
[2025-12-21 17:59:01] ✓ No recurring transactions to generate.
[2025-12-21 17:59:01] ========== CRON END ==========
[2025-12-21 18:00:01] ========== CRON START ==========
[2025-12-21 18:00:01] Date: 2025-12-21 | Jour: 21
[2025-12-21 18:00:01] ✓ No recurring transactions to generate.
[2025-12-21 18:00:01] ========== CRON END ==========
[2025-12-21 18:01:01] ========== CRON START ==========
[2025-12-21 18:01:01] Date: 2025-12-21 | Jour: 21
[2025-12-21 18:01:01] ✓ No recurring transactions to generate.
[2025-12-21 18:01:01] ========== CRON END ==========
[2025-12-21 18:02:01] ========== CRON START ==========
[2025-12-21 18:02:01] Date: 2025-12-21 | Jour: 21
[2025-12-21 18:02:01] ✓ No recurring transactions to generate.
[2025-12-21 18:02:01] ========== CRON END ==========
[2025-12-21 18:03:01] ========== CRON START ==========
[2025-12-21 18:03:01] Date: 2025-12-21 | Jour: 21
[2025-12-21 18:03:01] ✓ No recurring transactions to generate.
[2025-12-21 18:03:01] ========== CRON END ==========
[2025-12-21 18:04:01] ========== CRON START ==========
[2025-12-21 18:04:01] Date: 2025-12-21 | Jour: 21
[2025-12-21 18:04:01] ✓ No recurring transactions to generate.
[2025-12-21 18:04:01] ========== CRON END ==========
[2025-12-21 18:05:01] ========== CRON START ==========
[2025-12-21 18:05:01] Date: 2025-12-21 | Jour: 21
[2025-12-21 18:05:01] ✓ No recurring transactions to generate.
[2025-12-21 18:05:01] ========== CRON END ==========
[2025-12-21 18:06:01] ========== CRON START ==========
[2025-12-21 18:06:01] Date: 2025-12-21 | Jour: 21
[2025-12-21 18:06:01] ✓ No recurring transactions to generate.
[2025-12-21 18:06:01] ========== CRON END ==========
[2025-12-21 18:07:01] ========== CRON START ==========
[2025-12-21 18:07:01] Date: 2025-12-21 | Jour: 21
[2025-12-21 18:07:01] ✓ No recurring transactions to generate.
[2025-12-21 18:07:01] ========== CRON END ==========
[2025-12-21 18:08:01] ========== CRON START ==========
[2025-12-21 18:08:01] Date: 2025-12-21 | Jour: 21
[2025-12-21 18:08:01] ✓ No recurring transactions to generate.
[2025-12-21 18:08:01] ========== CRON END ==========
[2025-12-21 18:09:01] ========== CRON START ==========
[2025-12-21 18:09:01] Date: 2025-12-21 | Jour: 21
[2025-12-21 18:09:01] ✓ No recurring transactions to generate.
[2025-12-21 18:09:01] ========== CRON END ==========
[2025-12-21 18:10:01] ========== CRON START ==========
[2025-12-21 18:10:01] Date: 2025-12-21 | Jour: 21
[2025-12-21 18:10:01] ✓ No recurring transactions to generate.
[2025-12-21 18:10:01] ========== CRON END ==========
[2025-12-21 18:11:02] ========== CRON START ==========
[2025-12-21 18:11:02] Date: 2025-12-21 | Jour: 21
[2025-12-21 18:11:02] ✓ No recurring transactions to generate.
[2025-12-21 18:11:02] ========== CRON END ==========
[2025-12-21 18:12:01] ========== CRON START ==========
[2025-12-21 18:12:01] Date: 2025-12-21 | Jour: 21
[2025-12-21 18:12:01] ✓ No recurring transactions to generate.
[2025-12-21 18:12:01] ========== CRON END ==========
[2025-12-21 18:13:01] ========== CRON START ==========
[2025-12-21 18:13:01] Date: 2025-12-21 | Jour: 21
[2025-12-21 18:13:01] ✓ No recurring transactions to generate.
[2025-12-21 18:13:01] ========== CRON END ==========
[2025-12-21 18:14:01] ========== CRON START ==========
[2025-12-21 18:14:01] Date: 2025-12-21 | Jour: 21
[2025-12-21 18:14:01] ✓ No recurring transactions to generate.
[2025-12-21 18:14:01] ========== CRON END ==========
[2025-12-21 18:15:01] ========== CRON START ==========
[2025-12-21 18:15:01] Date: 2025-12-21 | Jour: 21
[2025-12-21 18:15:01] ✓ No recurring transactions to generate.
[2025-12-21 18:15:01] ========== CRON END ==========
[2025-12-21 18:16:01] ========== CRON START ==========
[2025-12-21 18:16:01] Date: 2025-12-21 | Jour: 21
[2025-12-21 18:16:01] ✓ No recurring transactions to generate.
[2025-12-21 18:16:01] ========== CRON END ==========
[2025-12-21 18:17:01] ========== CRON START ==========
[2025-12-21 18:17:01] Date: 2025-12-21 | Jour: 21
[2025-12-21 18:17:01] ✓ No recurring transactions to generate.
[2025-12-21 18:17:01] ========== CRON END ==========
[2025-12-21 18:18:01] ========== CRON START ==========
[2025-12-21 18:18:01] Date: 2025-12-21 | Jour: 21
[2025-12-21 18:18:01] ✓ No recurring transactions to generate.
[2025-12-21 18:18:01] ========== CRON END ==========
[2025-12-21 18:19:01] ========== CRON START ==========
[2025-12-21 18:19:01] Date: 2025-12-21 | Jour: 21
[2025-12-21 18:19:01] ✓ No recurring transactions to generate.
[2025-12-21 18:19:01] ========== CRON END ==========
[2025-12-21 18:20:01] ========== CRON START ==========
[2025-12-21 18:20:01] Date: 2025-12-21 | Jour: 21
[2025-12-21 18:20:01] ✓ No recurring transactions to generate.
[2025-12-21 18:20:01] ========== CRON END ==========
[2025-12-21 18:21:01] ========== CRON START ==========
[2025-12-21 18:21:01] Date: 2025-12-21 | Jour: 21
[2025-12-21 18:21:01] ✓ No recurring transactions to generate.
[2025-12-21 18:21:01] ========== CRON END ==========
[2025-12-21 18:22:01] ========== CRON START ==========
[2025-12-21 18:22:01] Date: 2025-12-21 | Jour: 21
[2025-12-21 18:22:01] ✓ No recurring transactions to generate.
[2025-12-21 18:22:01] ========== CRON END ==========
[2025-12-21 18:23:01] ========== CRON START ==========
[2025-12-21 18:23:01] Date: 2025-12-21 | Jour: 21
[2025-12-21 18:23:01] ✓ No recurring transactions to generate.
[2025-12-21 18:23:01] ========== CRON END ==========
[2025-12-21 18:24:01] ========== CRON START ==========
[2025-12-21 18:24:01] Date: 2025-12-21 | Jour: 21
[2025-12-21 18:24:01] ✓ No recurring transactions to generate.
[2025-12-21 18:24:01] ========== CRON END ==========
[2025-12-21 18:25:01] ========== CRON START ==========
[2025-12-21 18:25:01] Date: 2025-12-21 | Jour: 21
[2025-12-21 18:25:01] ✓ No recurring transactions to generate.
[2025-12-21 18:25:01] ========== CRON END ==========
[2025-12-21 18:26:01] ========== CRON START ==========
[2025-12-21 18:26:01] Date: 2025-12-21 | Jour: 21
[2025-12-21 18:26:01] ✓ No recurring transactions to generate.
[2025-12-21 18:26:01] ========== CRON END ==========
[2025-12-21 18:27:02] ========== CRON START ==========
[2025-12-21 18:27:02] Date: 2025-12-21 | Jour: 21
[2025-12-21 18:27:02] ✓ No recurring transactions to generate.
[2025-12-21 18:27:02] ========== CRON END ==========
[2025-12-21 18:28:01] ========== CRON START ==========
[2025-12-21 18:28:01] Date: 2025-12-21 | Jour: 21
[2025-12-21 18:28:01] ✓ No recurring transactions to generate.
[2025-12-21 18:28:01] ========== CRON END ==========
[2025-12-21 18:29:01] ========== CRON START ==========
[2025-12-21 18:29:01] Date: 2025-12-21 | Jour: 21
[2025-12-21 18:29:01] ✓ No recurring transactions to generate.
[2025-12-21 18:29:01] ========== CRON END ==========
[2025-12-21 18:30:01] ========== CRON START ==========
[2025-12-21 18:30:01] Date: 2025-12-21 | Jour: 21
[2025-12-21 18:30:01] ✓ No recurring transactions to generate.
[2025-12-21 18:30:01] ========== CRON END ==========
[2025-12-21 18:31:01] ========== CRON START ==========
[2025-12-21 18:31:01] Date: 2025-12-21 | Jour: 21
[2025-12-21 18:31:01] ✓ No recurring transactions to generate.
[2025-12-21 18:31:01] ========== CRON END ==========
[2025-12-21 18:32:01] ========== CRON START ==========
[2025-12-21 18:32:01] Date: 2025-12-21 | Jour: 21
[2025-12-21 18:32:01] ✓ No recurring transactions to generate.
[2025-12-21 18:32:01] ========== CRON END ==========
[2025-12-21 18:33:01] ========== CRON START ==========
[2025-12-21 18:33:01] Date: 2025-12-21 | Jour: 21
[2025-12-21 18:33:01] ✓ No recurring transactions to generate.
[2025-12-21 18:33:01] ========== CRON END ==========
[2025-12-21 18:34:01] ========== CRON START ==========
[2025-12-21 18:34:01] Date: 2025-12-21 | Jour: 21
[2025-12-21 18:34:01] ✓ No recurring transactions to generate.
[2025-12-21 18:34:01] ========== CRON END ==========
[2025-12-21 18:35:01] ========== CRON START ==========
[2025-12-21 18:35:01] Date: 2025-12-21 | Jour: 21
[2025-12-21 18:35:01] ✓ No recurring transactions to generate.
[2025-12-21 18:35:01] ========== CRON END ==========
[2025-12-21 18:36:01] ========== CRON START ==========
[2025-12-21 18:36:01] Date: 2025-12-21 | Jour: 21
[2025-12-21 18:36:01] ✓ No recurring transactions to generate.
[2025-12-21 18:36:01] ========== CRON END ==========
[2025-12-21 18:37:01] ========== CRON START ==========
[2025-12-21 18:37:01] Date: 2025-12-21 | Jour: 21
[2025-12-21 18:37:01] ✓ No recurring transactions to generate.
[2025-12-21 18:37:01] ========== CRON END ==========
[2025-12-21 18:38:01] ========== CRON START ==========
[2025-12-21 18:38:01] Date: 2025-12-21 | Jour: 21
[2025-12-21 18:38:01] ✓ No recurring transactions to generate.
[2025-12-21 18:38:01] ========== CRON END ==========
[2025-12-21 18:39:01] ========== CRON START ==========
[2025-12-21 18:39:01] Date: 2025-12-21 | Jour: 21
[2025-12-21 18:39:01] ✓ No recurring transactions to generate.
[2025-12-21 18:39:01] ========== CRON END ==========
[2025-12-21 18:40:01] ========== CRON START ==========
[2025-12-21 18:40:01] Date: 2025-12-21 | Jour: 21
[2025-12-21 18:40:01] ✓ No recurring transactions to generate.
[2025-12-21 18:40:01] ========== CRON END ==========
[2025-12-21 18:41:01] ========== CRON START ==========
[2025-12-21 18:41:01] Date: 2025-12-21 | Jour: 21
[2025-12-21 18:41:01] ✓ No recurring transactions to generate.
[2025-12-21 18:41:01] ========== CRON END ==========
[2025-12-21 18:42:01] ========== CRON START ==========
[2025-12-21 18:42:01] Date: 2025-12-21 | Jour: 21
[2025-12-21 18:42:01] ✓ No recurring transactions to generate.
[2025-12-21 18:42:01] ========== CRON END ==========
[2025-12-21 18:43:02] ========== CRON START ==========
[2025-12-21 18:43:02] Date: 2025-12-21 | Jour: 21
[2025-12-21 18:43:02] ✓ No recurring transactions to generate.
[2025-12-21 18:43:02] ========== CRON END ==========
[2025-12-21 18:44:01] ========== CRON START ==========
[2025-12-21 18:44:01] Date: 2025-12-21 | Jour: 21
[2025-12-21 18:44:01] ✓ No recurring transactions to generate.
[2025-12-21 18:44:01] ========== CRON END ==========
[2025-12-21 18:45:01] ========== CRON START ==========
[2025-12-21 18:45:01] Date: 2025-12-21 | Jour: 21
[2025-12-21 18:45:01] ✓ No recurring transactions to generate.
[2025-12-21 18:45:01] ========== CRON END ==========
[2025-12-21 18:46:01] ========== CRON START ==========
[2025-12-21 18:46:01] Date: 2025-12-21 | Jour: 21
[2025-12-21 18:46:01] ✓ No recurring transactions to generate.
[2025-12-21 18:46:01] ========== CRON END ==========
[2025-12-21 18:47:01] ========== CRON START ==========
[2025-12-21 18:47:01] Date: 2025-12-21 | Jour: 21
[2025-12-21 18:47:01] ✓ No recurring transactions to generate.
[2025-12-21 18:47:01] ========== CRON END ==========
[2025-12-21 18:48:01] ========== CRON START ==========
[2025-12-21 18:48:01] Date: 2025-12-21 | Jour: 21
[2025-12-21 18:48:01] ✓ No recurring transactions to generate.
[2025-12-21 18:48:01] ========== CRON END ==========
[2025-12-21 18:49:01] ========== CRON START ==========
[2025-12-21 18:49:01] Date: 2025-12-21 | Jour: 21
[2025-12-21 18:49:01] ✓ No recurring transactions to generate.
[2025-12-21 18:49:01] ========== CRON END ==========
[2025-12-21 18:50:01] ========== CRON START ==========
[2025-12-21 18:50:01] Date: 2025-12-21 | Jour: 21
[2025-12-21 18:50:01] ✓ No recurring transactions to generate.
[2025-12-21 18:50:01] ========== CRON END ==========
[2025-12-21 18:51:01] ========== CRON START ==========
[2025-12-21 18:51:01] Date: 2025-12-21 | Jour: 21
[2025-12-21 18:51:01] ✓ No recurring transactions to generate.
[2025-12-21 18:51:01] ========== CRON END ==========
[2025-12-21 18:52:01] ========== CRON START ==========
[2025-12-21 18:52:01] Date: 2025-12-21 | Jour: 21
[2025-12-21 18:52:01] ✓ No recurring transactions to generate.
[2025-12-21 18:52:01] ========== CRON END ==========
[2025-12-21 18:53:01] ========== CRON START ==========
[2025-12-21 18:53:01] Date: 2025-12-21 | Jour: 21
[2025-12-21 18:53:01] ✓ No recurring transactions to generate.
[2025-12-21 18:53:01] ========== CRON END ==========
[2025-12-21 18:54:01] ========== CRON START ==========
[2025-12-21 18:54:01] Date: 2025-12-21 | Jour: 21
[2025-12-21 18:54:01] ✓ No recurring transactions to generate.
[2025-12-21 18:54:01] ========== CRON END ==========
[2025-12-21 18:55:01] ========== CRON START ==========
[2025-12-21 18:55:01] Date: 2025-12-21 | Jour: 21
[2025-12-21 18:55:01] ✓ No recurring transactions to generate.
[2025-12-21 18:55:01] ========== CRON END ==========
[2025-12-21 18:56:01] ========== CRON START ==========
[2025-12-21 18:56:01] Date: 2025-12-21 | Jour: 21
[2025-12-21 18:56:01] ✓ No recurring transactions to generate.
[2025-12-21 18:56:01] ========== CRON END ==========
[2025-12-21 18:57:01] ========== CRON START ==========
[2025-12-21 18:57:01] Date: 2025-12-21 | Jour: 21
[2025-12-21 18:57:01] ✓ No recurring transactions to generate.
[2025-12-21 18:57:01] ========== CRON END ==========
[2025-12-21 18:58:01] ========== CRON START ==========
[2025-12-21 18:58:01] Date: 2025-12-21 | Jour: 21
[2025-12-21 18:58:01] ✓ No recurring transactions to generate.
[2025-12-21 18:58:01] ========== CRON END ==========
[2025-12-21 18:59:01] ========== CRON START ==========
[2025-12-21 18:59:01] Date: 2025-12-21 | Jour: 21
[2025-12-21 18:59:01] ✓ No recurring transactions to generate.
[2025-12-21 18:59:01] ========== CRON END ==========
[2025-12-21 19:00:02] ========== CRON START ==========
[2025-12-21 19:00:02] Date: 2025-12-21 | Jour: 21
[2025-12-21 19:00:02] ✓ No recurring transactions to generate.
[2025-12-21 19:00:02] ========== CRON END ==========
[2025-12-21 19:01:01] ========== CRON START ==========
[2025-12-21 19:01:01] Date: 2025-12-21 | Jour: 21
[2025-12-21 19:01:01] ✓ No recurring transactions to generate.
[2025-12-21 19:01:01] ========== CRON END ==========
[2025-12-21 19:02:01] ========== CRON START ==========
[2025-12-21 19:02:01] Date: 2025-12-21 | Jour: 21
[2025-12-21 19:02:01] ✓ No recurring transactions to generate.
[2025-12-21 19:02:01] ========== CRON END ==========
[2025-12-21 19:03:01] ========== CRON START ==========
[2025-12-21 19:03:01] Date: 2025-12-21 | Jour: 21
[2025-12-21 19:03:01] ✓ No recurring transactions to generate.
[2025-12-21 19:03:01] ========== CRON END ==========
[2025-12-21 19:04:01] ========== CRON START ==========
[2025-12-21 19:04:01] Date: 2025-12-21 | Jour: 21
[2025-12-21 19:04:01] ✓ No recurring transactions to generate.
[2025-12-21 19:04:01] ========== CRON END ==========
[2025-12-21 19:05:01] ========== CRON START ==========
[2025-12-21 19:05:01] Date: 2025-12-21 | Jour: 21
[2025-12-21 19:05:01] ✓ No recurring transactions to generate.
[2025-12-21 19:05:01] ========== CRON END ==========
[2025-12-21 19:06:01] ========== CRON START ==========
[2025-12-21 19:06:01] Date: 2025-12-21 | Jour: 21
[2025-12-21 19:06:01] ✓ No recurring transactions to generate.
[2025-12-21 19:06:01] ========== CRON END ==========
[2025-12-21 19:07:01] ========== CRON START ==========
[2025-12-21 19:07:01] Date: 2025-12-21 | Jour: 21
[2025-12-21 19:07:01] ✓ No recurring transactions to generate.
[2025-12-21 19:07:01] ========== CRON END ==========
[2025-12-21 19:08:01] ========== CRON START ==========
[2025-12-21 19:08:01] Date: 2025-12-21 | Jour: 21
[2025-12-21 19:08:01] ✓ No recurring transactions to generate.
[2025-12-21 19:08:01] ========== CRON END ==========
[2025-12-21 19:09:01] ========== CRON START ==========
[2025-12-21 19:09:01] Date: 2025-12-21 | Jour: 21
[2025-12-21 19:09:01] ✓ No recurring transactions to generate.
[2025-12-21 19:09:01] ========== CRON END ==========
[2025-12-21 19:10:01] ========== CRON START ==========
[2025-12-21 19:10:01] Date: 2025-12-21 | Jour: 21
[2025-12-21 19:10:01] ✓ No recurring transactions to generate.
[2025-12-21 19:10:01] ========== CRON END ==========
[2025-12-21 19:11:01] ========== CRON START ==========
[2025-12-21 19:11:01] Date: 2025-12-21 | Jour: 21
[2025-12-21 19:11:01] ✓ No recurring transactions to generate.
[2025-12-21 19:11:01] ========== CRON END ==========
[2025-12-21 19:12:01] ========== CRON START ==========
[2025-12-21 19:12:01] Date: 2025-12-21 | Jour: 21
[2025-12-21 19:12:01] ✓ No recurring transactions to generate.
[2025-12-21 19:12:01] ========== CRON END ==========
[2025-12-21 19:13:01] ========== CRON START ==========
[2025-12-21 19:13:01] Date: 2025-12-21 | Jour: 21
[2025-12-21 19:13:01] ✓ No recurring transactions to generate.
[2025-12-21 19:13:01] ========== CRON END ==========
[2025-12-21 19:14:01] ========== CRON START ==========
[2025-12-21 19:14:01] Date: 2025-12-21 | Jour: 21
[2025-12-21 19:14:01] ✓ No recurring transactions to generate.
[2025-12-21 19:14:01] ========== CRON END ==========
[2025-12-21 20:23:58] ========== CRON START ==========
[2025-12-21 20:23:58] Date: 2025-12-21 | Jour: 21
[2025-12-21 20:23:58] ✓ No recurring transactions to generate.
[2025-12-21 20:23:58] ========== CRON END ==========
[2025-12-21 20:24:01] ========== CRON START ==========
[2025-12-21 20:24:01] Date: 2025-12-21 | Jour: 21
[2025-12-21 20:24:01] ✓ No recurring transactions to generate.
[2025-12-21 20:24:01] ========== CRON END ==========
[2025-12-21 20:25:01] ========== CRON START ==========
[2025-12-21 20:25:01] Date: 2025-12-21 | Jour: 21
[2025-12-21 20:25:01] ✓ No recurring transactions to generate.
[2025-12-21 20:25:01] ========== CRON END ==========
[2025-12-21 20:26:01] ========== CRON START ==========
[2025-12-21 20:26:01] Date: 2025-12-21 | Jour: 21
[2025-12-21 20:26:01] ✓ No recurring transactions to generate.
[2025-12-21 20:26:01] ========== CRON END ==========
[2025-12-21 20:27:01] ========== CRON START ==========
[2025-12-21 20:27:01] Date: 2025-12-21 | Jour: 21
[2025-12-21 20:27:01] ✓ No recurring transactions to generate.
[2025-12-21 20:27:01] ========== CRON END ==========
[2025-12-21 20:28:01] ========== CRON START ==========
[2025-12-21 20:28:01] Date: 2025-12-21 | Jour: 21
[2025-12-21 20:28:01] ✓ No recurring transactions to generate.
[2025-12-21 20:28:01] ========== CRON END ==========
[2025-12-21 20:29:01] ========== CRON START ==========
[2025-12-21 20:29:01] Date: 2025-12-21 | Jour: 21
[2025-12-21 20:29:01] ✓ No recurring transactions to generate.
[2025-12-21 20:29:01] ========== CRON END ==========
[2025-12-21 20:30:01] ========== CRON START ==========
[2025-12-21 20:30:01] Date: 2025-12-21 | Jour: 21
[2025-12-21 20:30:01] ✓ No recurring transactions to generate.
[2025-12-21 20:30:01] ========== CRON END ==========
[2025-12-21 20:31:01] ========== CRON START ==========
[2025-12-21 20:31:01] Date: 2025-12-21 | Jour: 21
[2025-12-21 20:31:01] ✓ No recurring transactions to generate.
[2025-12-21 20:31:01] ========== CRON END ==========
[2025-12-21 20:32:01] ========== CRON START ==========
[2025-12-21 20:32:01] Date: 2025-12-21 | Jour: 21
[2025-12-21 20:32:01] ✓ No recurring transactions to generate.
[2025-12-21 20:32:01] ========== CRON END ==========
[2025-12-21 20:33:01] ========== CRON START ==========
[2025-12-21 20:33:01] Date: 2025-12-21 | Jour: 21
[2025-12-21 20:33:01] ✓ No recurring transactions to generate.
[2025-12-21 20:33:01] ========== CRON END ==========
[2025-12-21 20:34:01] ========== CRON START ==========
[2025-12-21 20:34:01] Date: 2025-12-21 | Jour: 21
[2025-12-21 20:34:01] ✓ No recurring transactions to generate.
[2025-12-21 20:34:01] ========== CRON END ==========
[2025-12-21 20:35:02] ========== CRON START ==========
[2025-12-21 20:35:02] Date: 2025-12-21 | Jour: 21
[2025-12-21 20:35:02] ✓ No recurring transactions to generate.
[2025-12-21 20:35:02] ========== CRON END ==========
[2025-12-21 20:36:01] ========== CRON START ==========
[2025-12-21 20:36:01] Date: 2025-12-21 | Jour: 21
[2025-12-21 20:36:01] ✓ No recurring transactions to generate.
[2025-12-21 20:36:01] ========== CRON END ==========
[2025-12-21 20:37:01] ========== CRON START ==========
[2025-12-21 20:37:01] Date: 2025-12-21 | Jour: 21
[2025-12-21 20:37:01] ✓ No recurring transactions to generate.
[2025-12-21 20:37:01] ========== CRON END ==========
[2025-12-21 20:38:01] ========== CRON START ==========
[2025-12-21 20:38:01] Date: 2025-12-21 | Jour: 21
[2025-12-21 20:38:01] ✓ No recurring transactions to generate.
[2025-12-21 20:38:01] ========== CRON END ==========
[2025-12-21 20:39:01] ========== CRON START ==========
[2025-12-21 20:39:01] Date: 2025-12-21 | Jour: 21
[2025-12-21 20:39:01] ✓ No recurring transactions to generate.
[2025-12-21 20:39:01] ========== CRON END ==========
[2025-12-21 20:40:01] ========== CRON START ==========
[2025-12-21 20:40:01] Date: 2025-12-21 | Jour: 21
[2025-12-21 20:40:01] ✓ No recurring transactions to generate.
[2025-12-21 20:40:01] ========== CRON END ==========
[2025-12-21 20:41:01] ========== CRON START ==========
[2025-12-21 20:41:01] Date: 2025-12-21 | Jour: 21
[2025-12-21 20:41:01] ✓ No recurring transactions to generate.
[2025-12-21 20:41:01] ========== CRON END ==========
[2025-12-21 20:42:01] ========== CRON START ==========
[2025-12-21 20:42:01] Date: 2025-12-21 | Jour: 21
[2025-12-21 20:42:01] ✓ No recurring transactions to generate.
[2025-12-21 20:42:01] ========== CRON END ==========
[2025-12-21 20:43:01] ========== CRON START ==========
[2025-12-21 20:43:01] Date: 2025-12-21 | Jour: 21
[2025-12-21 20:43:01] ✓ No recurring transactions to generate.
[2025-12-21 20:43:01] ========== CRON END ==========
[2025-12-21 20:44:01] ========== CRON START ==========
[2025-12-21 20:44:01] Date: 2025-12-21 | Jour: 21
[2025-12-21 20:44:01] ✓ No recurring transactions to generate.
[2025-12-21 20:44:01] ========== CRON END ==========
[2025-12-21 20:45:01] ========== CRON START ==========
[2025-12-21 20:45:01] Date: 2025-12-21 | Jour: 21
[2025-12-21 20:45:01] ✓ No recurring transactions to generate.
[2025-12-21 20:45:01] ========== CRON END ==========
[2025-12-21 20:46:01] ========== CRON START ==========
[2025-12-21 20:46:01] Date: 2025-12-21 | Jour: 21
[2025-12-21 20:46:01] ✓ No recurring transactions to generate.
[2025-12-21 20:46:01] ========== CRON END ==========
[2025-12-21 20:47:01] ========== CRON START ==========
[2025-12-21 20:47:01] Date: 2025-12-21 | Jour: 21
[2025-12-21 20:47:01] ✓ No recurring transactions to generate.
[2025-12-21 20:47:01] ========== CRON END ==========
[2025-12-21 20:48:01] ========== CRON START ==========
[2025-12-21 20:48:01] Date: 2025-12-21 | Jour: 21
[2025-12-21 20:48:01] ✓ No recurring transactions to generate.
[2025-12-21 20:48:01] ========== CRON END ==========
[2025-12-21 20:49:01] ========== CRON START ==========
[2025-12-21 20:49:01] Date: 2025-12-21 | Jour: 21
[2025-12-21 20:49:01] ✓ No recurring transactions to generate.
[2025-12-21 20:49:01] ========== CRON END ==========
[2025-12-21 20:50:01] ========== CRON START ==========
[2025-12-21 20:50:01] Date: 2025-12-21 | Jour: 21
[2025-12-21 20:50:01] ✓ No recurring transactions to generate.
[2025-12-21 20:50:01] ========== CRON END ==========
[2025-12-21 20:51:01] ========== CRON START ==========
[2025-12-21 20:51:01] Date: 2025-12-21 | Jour: 21
[2025-12-21 20:51:01] ✓ No recurring transactions to generate.
[2025-12-21 20:51:01] ========== CRON END ==========
[2025-12-21 20:52:02] ========== CRON START ==========
[2025-12-21 20:52:02] Date: 2025-12-21 | Jour: 21
[2025-12-21 20:52:02] ✓ No recurring transactions to generate.
[2025-12-21 20:52:02] ========== CRON END ==========
[2025-12-21 20:53:01] ========== CRON START ==========
[2025-12-21 20:53:01] Date: 2025-12-21 | Jour: 21
[2025-12-21 20:53:01] ✓ No recurring transactions to generate.
[2025-12-21 20:53:01] ========== CRON END ==========
[2025-12-21 20:54:01] ========== CRON START ==========
[2025-12-21 20:54:01] Date: 2025-12-21 | Jour: 21
[2025-12-21 20:54:01] ✓ No recurring transactions to generate.
[2025-12-21 20:54:01] ========== CRON END ==========
[2025-12-21 20:55:01] ========== CRON START ==========
[2025-12-21 20:55:01] Date: 2025-12-21 | Jour: 21
[2025-12-21 20:55:01] ✓ No recurring transactions to generate.
[2025-12-21 20:55:01] ========== CRON END ==========
[2025-12-21 20:56:01] ========== CRON START ==========
[2025-12-21 20:56:01] Date: 2025-12-21 | Jour: 21
[2025-12-21 20:56:01] ✓ No recurring transactions to generate.
[2025-12-21 20:56:01] ========== CRON END ==========
[2025-12-21 20:57:01] ========== CRON START ==========
[2025-12-21 20:57:01] Date: 2025-12-21 | Jour: 21
[2025-12-21 20:57:01] ✓ No recurring transactions to generate.
[2025-12-21 20:57:01] ========== CRON END ==========
[2025-12-21 20:58:01] ========== CRON START ==========
[2025-12-21 20:58:01] Date: 2025-12-21 | Jour: 21
[2025-12-21 20:58:01] ✓ No recurring transactions to generate.
[2025-12-21 20:58:01] ========== CRON END ==========
[2025-12-21 20:59:01] ========== CRON START ==========
[2025-12-21 20:59:01] Date: 2025-12-21 | Jour: 21
[2025-12-21 20:59:01] ✓ No recurring transactions to generate.
[2025-12-21 20:59:01] ========== CRON END ==========
[2025-12-21 21:00:01] ========== CRON START ==========
[2025-12-21 21:00:01] Date: 2025-12-21 | Jour: 21
[2025-12-21 21:00:01] ✓ No recurring transactions to generate.
[2025-12-21 21:00:01] ========== CRON END ==========
[2025-12-21 21:01:02] ========== CRON START ==========
[2025-12-21 21:01:02] Date: 2025-12-21 | Jour: 21
[2025-12-21 21:01:02] ✓ No recurring transactions to generate.
[2025-12-21 21:01:02] ========== CRON END ==========
[2025-12-21 21:02:01] ========== CRON START ==========
[2025-12-21 21:02:01] Date: 2025-12-21 | Jour: 21
[2025-12-21 21:02:01] ✓ No recurring transactions to generate.
[2025-12-21 21:02:01] ========== CRON END ==========
[2025-12-21 21:03:01] ========== CRON START ==========
[2025-12-21 21:03:01] Date: 2025-12-21 | Jour: 21
[2025-12-21 21:03:01] ✓ No recurring transactions to generate.
[2025-12-21 21:03:01] ========== CRON END ==========
[2025-12-21 21:04:01] ========== CRON START ==========
[2025-12-21 21:04:01] Date: 2025-12-21 | Jour: 21
[2025-12-21 21:04:01] ✓ No recurring transactions to generate.
[2025-12-21 21:04:01] ========== CRON END ==========
[2025-12-21 21:05:01] ========== CRON START ==========
[2025-12-21 21:05:01] Date: 2025-12-21 | Jour: 21
[2025-12-21 21:05:01] ✓ No recurring transactions to generate.
[2025-12-21 21:05:01] ========== CRON END ==========
[2025-12-21 21:06:01] ========== CRON START ==========
[2025-12-21 21:06:01] Date: 2025-12-21 | Jour: 21
[2025-12-21 21:06:01] ✓ No recurring transactions to generate.
[2025-12-21 21:06:01] ========== CRON END ==========
[2025-12-21 21:07:01] ========== CRON START ==========
[2025-12-21 21:07:01] Date: 2025-12-21 | Jour: 21
[2025-12-21 21:07:01] ✓ No recurring transactions to generate.
[2025-12-21 21:07:01] ========== CRON END ==========
[2025-12-21 21:08:01] ========== CRON START ==========
[2025-12-21 21:08:01] Date: 2025-12-21 | Jour: 21
[2025-12-21 21:08:01] ✓ No recurring transactions to generate.
[2025-12-21 21:08:01] ========== CRON END ==========
[2025-12-21 21:09:01] ========== CRON START ==========
[2025-12-21 21:09:01] Date: 2025-12-21 | Jour: 21
[2025-12-21 21:09:01] ✓ No recurring transactions to generate.
[2025-12-21 21:09:01] ========== CRON END ==========
[2025-12-21 21:10:01] ========== CRON START ==========
[2025-12-21 21:10:01] Date: 2025-12-21 | Jour: 21
[2025-12-21 21:10:01] ✓ No recurring transactions to generate.
[2025-12-21 21:10:01] ========== CRON END ==========
[2025-12-21 21:11:01] ========== CRON START ==========
[2025-12-21 21:11:01] Date: 2025-12-21 | Jour: 21
[2025-12-21 21:11:01] ✓ No recurring transactions to generate.
[2025-12-21 21:11:01] ========== CRON END ==========
[2025-12-21 21:12:01] ========== CRON START ==========
[2025-12-21 21:12:01] Date: 2025-12-21 | Jour: 21
[2025-12-21 21:12:01] ✓ No recurring transactions to generate.
[2025-12-21 21:12:01] ========== CRON END ==========
[2025-12-21 21:13:01] ========== CRON START ==========
[2025-12-21 21:13:01] Date: 2025-12-21 | Jour: 21
[2025-12-21 21:13:01] ✓ No recurring transactions to generate.
[2025-12-21 21:13:01] ========== CRON END ==========
[2025-12-21 21:14:01] ========== CRON START ==========
[2025-12-21 21:14:01] Date: 2025-12-21 | Jour: 21
[2025-12-21 21:14:01] ✓ No recurring transactions to generate.
[2025-12-21 21:14:01] ========== CRON END ==========
[2025-12-21 21:15:01] ========== CRON START ==========
[2025-12-21 21:15:01] Date: 2025-12-21 | Jour: 21
[2025-12-21 21:15:01] ✓ No recurring transactions to generate.
[2025-12-21 21:15:01] ========== CRON END ==========
[2025-12-21 21:16:01] ========== CRON START ==========
[2025-12-21 21:16:01] Date: 2025-12-21 | Jour: 21
[2025-12-21 21:16:01] ✓ No recurring transactions to generate.
[2025-12-21 21:16:01] ========== CRON END ==========
[2025-12-21 21:17:02] ========== CRON START ==========
[2025-12-21 21:17:02] Date: 2025-12-21 | Jour: 21
[2025-12-21 21:17:02] ✓ No recurring transactions to generate.
[2025-12-21 21:17:02] ========== CRON END ==========
[2025-12-21 21:18:01] ========== CRON START ==========
[2025-12-21 21:18:01] Date: 2025-12-21 | Jour: 21
[2025-12-21 21:18:01] ✓ No recurring transactions to generate.
[2025-12-21 21:18:01] ========== CRON END ==========
[2025-12-21 21:19:01] ========== CRON START ==========
[2025-12-21 21:19:01] Date: 2025-12-21 | Jour: 21
[2025-12-21 21:19:01] ✓ No recurring transactions to generate.
[2025-12-21 21:19:01] ========== CRON END ==========
[2025-12-21 21:20:01] ========== CRON START ==========
[2025-12-21 21:20:01] Date: 2025-12-21 | Jour: 21
[2025-12-21 21:20:01] ✓ No recurring transactions to generate.
[2025-12-21 21:20:01] ========== CRON END ==========
[2025-12-21 21:21:01] ========== CRON START ==========
[2025-12-21 21:21:01] Date: 2025-12-21 | Jour: 21
[2025-12-21 21:21:01] ✓ No recurring transactions to generate.
[2025-12-21 21:21:01] ========== CRON END ==========
[2025-12-21 21:22:01] ========== CRON START ==========
[2025-12-21 21:22:01] Date: 2025-12-21 | Jour: 21
[2025-12-21 21:22:01] ✓ No recurring transactions to generate.
[2025-12-21 21:22:01] ========== CRON END ==========
[2025-12-21 21:23:01] ========== CRON START ==========
[2025-12-21 21:23:01] Date: 2025-12-21 | Jour: 21
[2025-12-21 21:23:01] ✓ No recurring transactions to generate.
[2025-12-21 21:23:01] ========== CRON END ==========
[2025-12-21 21:24:01] ========== CRON START ==========
[2025-12-21 21:24:01] Date: 2025-12-21 | Jour: 21
[2025-12-21 21:24:01] ✓ No recurring transactions to generate.
[2025-12-21 21:24:01] ========== CRON END ==========
[2025-12-21 21:25:01] ========== CRON START ==========
[2025-12-21 21:25:01] Date: 2025-12-21 | Jour: 21
[2025-12-21 21:25:01] ✓ No recurring transactions to generate.
[2025-12-21 21:25:01] ========== CRON END ==========
[2025-12-21 21:26:01] ========== CRON START ==========
[2025-12-21 21:26:01] Date: 2025-12-21 | Jour: 21
[2025-12-21 21:26:01] ✓ No recurring transactions to generate.
[2025-12-21 21:26:01] ========== CRON END ==========
[2025-12-21 21:27:01] ========== CRON START ==========
[2025-12-21 21:27:01] Date: 2025-12-21 | Jour: 21
[2025-12-21 21:27:01] ✓ No recurring transactions to generate.
[2025-12-21 21:27:01] ========== CRON END ==========
[2025-12-21 21:28:01] ========== CRON START ==========
[2025-12-21 21:28:01] Date: 2025-12-21 | Jour: 21
[2025-12-21 21:28:01] ✓ No recurring transactions to generate.
[2025-12-21 21:28:01] ========== CRON END ==========
[2025-12-21 21:29:01] ========== CRON START ==========
[2025-12-21 21:29:01] Date: 2025-12-21 | Jour: 21
[2025-12-21 21:29:01] ✓ No recurring transactions to generate.
[2025-12-21 21:29:01] ========== CRON END ==========
[2025-12-21 21:30:01] ========== CRON START ==========
[2025-12-21 21:30:01] Date: 2025-12-21 | Jour: 21
[2025-12-21 21:30:01] ✓ No recurring transactions to generate.
[2025-12-21 21:30:01] ========== CRON END ==========
[2025-12-21 21:31:01] ========== CRON START ==========
[2025-12-21 21:31:01] Date: 2025-12-21 | Jour: 21
[2025-12-21 21:31:01] ✓ No recurring transactions to generate.
[2025-12-21 21:31:01] ========== CRON END ==========
[2025-12-21 21:32:01] ========== CRON START ==========
[2025-12-21 21:32:01] Date: 2025-12-21 | Jour: 21
[2025-12-21 21:32:01] ✓ No recurring transactions to generate.
[2025-12-21 21:32:01] ========== CRON END ==========
[2025-12-21 21:33:01] ========== CRON START ==========
[2025-12-21 21:33:01] Date: 2025-12-21 | Jour: 21
[2025-12-21 21:33:01] ✓ No recurring transactions to generate.
[2025-12-21 21:33:01] ========== CRON END ==========
[2025-12-21 21:34:02] ========== CRON START ==========
[2025-12-21 21:34:02] Date: 2025-12-21 | Jour: 21
[2025-12-21 21:34:02] ✓ No recurring transactions to generate.
[2025-12-21 21:34:02] ========== CRON END ==========
[2025-12-21 21:35:01] ========== CRON START ==========
[2025-12-21 21:35:01] Date: 2025-12-21 | Jour: 21
[2025-12-21 21:35:01] ✓ No recurring transactions to generate.
[2025-12-21 21:35:01] ========== CRON END ==========
[2025-12-21 21:36:01] ========== CRON START ==========
[2025-12-21 21:36:01] Date: 2025-12-21 | Jour: 21
[2025-12-21 21:36:01] ✓ No recurring transactions to generate.
[2025-12-21 21:36:01] ========== CRON END ==========
[2025-12-21 21:37:01] ========== CRON START ==========
[2025-12-21 21:37:01] Date: 2025-12-21 | Jour: 21
[2025-12-21 21:37:01] ✓ No recurring transactions to generate.
[2025-12-21 21:37:01] ========== CRON END ==========
[2025-12-21 21:38:01] ========== CRON START ==========
[2025-12-21 21:38:01] Date: 2025-12-21 | Jour: 21
[2025-12-21 21:38:01] ✓ No recurring transactions to generate.
[2025-12-21 21:38:01] ========== CRON END ==========
[2025-12-21 21:39:01] ========== CRON START ==========
[2025-12-21 21:39:01] Date: 2025-12-21 | Jour: 21
[2025-12-21 21:39:01] ✓ No recurring transactions to generate.
[2025-12-21 21:39:01] ========== CRON END ==========
[2025-12-21 21:40:01] ========== CRON START ==========
[2025-12-21 21:40:01] Date: 2025-12-21 | Jour: 21
[2025-12-21 21:40:01] ✓ No recurring transactions to generate.
[2025-12-21 21:40:01] ========== CRON END ==========
[2025-12-21 21:41:01] ========== CRON START ==========
[2025-12-21 21:41:01] Date: 2025-12-21 | Jour: 21
[2025-12-21 21:41:01] ✓ No recurring transactions to generate.
[2025-12-21 21:41:01] ========== CRON END ==========
[2025-12-21 21:42:01] ========== CRON START ==========
[2025-12-21 21:42:01] Date: 2025-12-21 | Jour: 21
[2025-12-21 21:42:01] ✓ No recurring transactions to generate.
[2025-12-21 21:42:01] ========== CRON END ==========
[2025-12-21 21:43:01] ========== CRON START ==========
[2025-12-21 21:43:01] Date: 2025-12-21 | Jour: 21
[2025-12-21 21:43:01] ✓ No recurring transactions to generate.
[2025-12-21 21:43:01] ========== CRON END ==========
[2025-12-21 21:44:01] ========== CRON START ==========
[2025-12-21 21:44:01] Date: 2025-12-21 | Jour: 21
[2025-12-21 21:44:01] ✓ No recurring transactions to generate.
[2025-12-21 21:44:01] ========== CRON END ==========
[2025-12-21 21:45:01] ========== CRON START ==========
[2025-12-21 21:45:01] Date: 2025-12-21 | Jour: 21
[2025-12-21 21:45:01] ✓ No recurring transactions to generate.
[2025-12-21 21:45:01] ========== CRON END ==========
[2025-12-21 21:46:01] ========== CRON START ==========
[2025-12-21 21:46:01] Date: 2025-12-21 | Jour: 21
[2025-12-21 21:46:01] ✓ No recurring transactions to generate.
[2025-12-21 21:46:01] ========== CRON END ==========
[2025-12-21 21:49:54] ========== CRON START ==========
[2025-12-21 21:49:54] Date: 2025-12-21 | Jour: 21
[2025-12-21 21:49:54] ✓ No recurring transactions to generate.
[2025-12-21 21:49:54] ========== CRON END ==========
[2025-12-21 21:49:54] ========== CRON START ==========
[2025-12-21 21:49:54] Date: 2025-12-21 | Jour: 21
[2025-12-21 21:49:54] ✓ No recurring transactions to generate.
[2025-12-21 21:49:54] ========== CRON END ==========
[2025-12-21 21:49:54] ========== CRON START ==========
[2025-12-21 21:49:54] Date: 2025-12-21 | Jour: 21
[2025-12-21 21:49:54] ✓ No recurring transactions to generate.
[2025-12-21 21:49:54] ========== CRON END ==========
[2025-12-21 21:50:01] ========== CRON START ==========
[2025-12-21 21:50:01] Date: 2025-12-21 | Jour: 21
[2025-12-21 21:50:01] ✓ No recurring transactions to generate.
[2025-12-21 21:50:01] ========== CRON END ==========
[2025-12-21 21:51:01] ========== CRON START ==========
[2025-12-21 21:51:01] Date: 2025-12-21 | Jour: 21
[2025-12-21 21:51:01] ✓ No recurring transactions to generate.
[2025-12-21 21:51:01] ========== CRON END ==========
[2025-12-21 21:52:01] ========== CRON START ==========
[2025-12-21 21:52:01] Date: 2025-12-21 | Jour: 21
[2025-12-21 21:52:01] ✓ No recurring transactions to generate.
[2025-12-21 21:52:01] ========== CRON END ==========
[2025-12-21 21:53:01] ========== CRON START ==========
[2025-12-21 21:53:01] Date: 2025-12-21 | Jour: 21
[2025-12-21 21:53:01] ✓ No recurring transactions to generate.
[2025-12-21 21:53:01] ========== CRON END ==========
[2025-12-21 21:54:01] ========== CRON START ==========
[2025-12-21 21:54:01] Date: 2025-12-21 | Jour: 21
[2025-12-21 21:54:01] ✓ No recurring transactions to generate.
[2025-12-21 21:54:01] ========== CRON END ==========
[2025-12-21 21:55:01] ========== CRON START ==========
[2025-12-21 21:55:01] Date: 2025-12-21 | Jour: 21
[2025-12-21 21:55:01] ✓ No recurring transactions to generate.
[2025-12-21 21:55:01] ========== CRON END ==========
[2025-12-21 21:56:01] ========== CRON START ==========
[2025-12-21 21:56:01] Date: 2025-12-21 | Jour: 21
[2025-12-21 21:56:01] ✓ No recurring transactions to generate.
[2025-12-21 21:56:01] ========== CRON END ==========
[2025-12-21 21:57:01] ========== CRON START ==========
[2025-12-21 21:57:01] Date: 2025-12-21 | Jour: 21
[2025-12-21 21:57:01] ✓ No recurring transactions to generate.
[2025-12-21 21:57:01] ========== CRON END ==========
[2025-12-21 21:58:01] ========== CRON START ==========
[2025-12-21 21:58:01] Date: 2025-12-21 | Jour: 21
[2025-12-21 21:58:01] ✓ No recurring transactions to generate.
[2025-12-21 21:58:01] ========== CRON END ==========
[2025-12-21 21:59:01] ========== CRON START ==========
[2025-12-21 21:59:01] Date: 2025-12-21 | Jour: 21
[2025-12-21 21:59:01] ✓ No recurring transactions to generate.
[2025-12-21 21:59:01] ========== CRON END ==========
[2025-12-21 22:00:01] ========== CRON START ==========
[2025-12-21 22:00:01] Date: 2025-12-21 | Jour: 21
[2025-12-21 22:00:01] ✓ No recurring transactions to generate.
[2025-12-21 22:00:01] ========== CRON END ==========
[2025-12-21 22:01:01] ========== CRON START ==========
[2025-12-21 22:01:01] Date: 2025-12-21 | Jour: 21
[2025-12-21 22:01:01] ✓ No recurring transactions to generate.
[2025-12-21 22:01:01] ========== CRON END ==========
[2025-12-21 22:02:01] ========== CRON START ==========
[2025-12-21 22:02:01] Date: 2025-12-21 | Jour: 21
[2025-12-21 22:02:01] ✓ No recurring transactions to generate.
[2025-12-21 22:02:01] ========== CRON END ==========
[2025-12-21 22:03:02] ========== CRON START ==========
[2025-12-21 22:03:02] Date: 2025-12-21 | Jour: 21
[2025-12-21 22:03:02] ✓ No recurring transactions to generate.
[2025-12-21 22:03:02] ========== CRON END ==========
[2025-12-21 22:04:01] ========== CRON START ==========
[2025-12-21 22:04:01] Date: 2025-12-21 | Jour: 21
[2025-12-21 22:04:01] ✓ No recurring transactions to generate.
[2025-12-21 22:04:01] ========== CRON END ==========
[2025-12-21 22:05:01] ========== CRON START ==========
[2025-12-21 22:05:01] Date: 2025-12-21 | Jour: 21
[2025-12-21 22:05:01] ✓ No recurring transactions to generate.
[2025-12-21 22:05:01] ========== CRON END ==========
[2025-12-21 22:06:01] ========== CRON START ==========
[2025-12-21 22:06:01] Date: 2025-12-21 | Jour: 21
[2025-12-21 22:06:01] ✓ No recurring transactions to generate.
[2025-12-21 22:06:01] ========== CRON END ==========
[2025-12-21 22:07:01] ========== CRON START ==========
[2025-12-21 22:07:01] Date: 2025-12-21 | Jour: 21
[2025-12-21 22:07:01] ✓ No recurring transactions to generate.
[2025-12-21 22:07:01] ========== CRON END ==========
[2025-12-21 22:08:01] ========== CRON START ==========
[2025-12-21 22:08:01] Date: 2025-12-21 | Jour: 21
[2025-12-21 22:08:01] ✓ No recurring transactions to generate.
[2025-12-21 22:08:01] ========== CRON END ==========
[2025-12-21 22:09:01] ========== CRON START ==========
[2025-12-21 22:09:01] Date: 2025-12-21 | Jour: 21
[2025-12-21 22:09:01] ✓ No recurring transactions to generate.
[2025-12-21 22:09:01] ========== CRON END ==========
[2025-12-21 22:10:01] ========== CRON START ==========
[2025-12-21 22:10:01] Date: 2025-12-21 | Jour: 21
[2025-12-21 22:10:01] ✓ No recurring transactions to generate.
[2025-12-21 22:10:01] ========== CRON END ==========
[2025-12-21 22:11:01] ========== CRON START ==========
[2025-12-21 22:11:01] Date: 2025-12-21 | Jour: 21
[2025-12-21 22:11:01] ✓ No recurring transactions to generate.
[2025-12-21 22:11:01] ========== CRON END ==========
[2025-12-21 22:12:01] ========== CRON START ==========
[2025-12-21 22:12:01] Date: 2025-12-21 | Jour: 21
[2025-12-21 22:12:01] ✓ No recurring transactions to generate.
[2025-12-21 22:12:01] ========== CRON END ==========
[2025-12-21 22:13:01] ========== CRON START ==========
[2025-12-21 22:13:01] Date: 2025-12-21 | Jour: 21
[2025-12-21 22:13:01] ✓ No recurring transactions to generate.
[2025-12-21 22:13:01] ========== CRON END ==========
[2025-12-21 22:14:01] ========== CRON START ==========
[2025-12-21 22:14:01] Date: 2025-12-21 | Jour: 21
[2025-12-21 22:14:01] ✓ No recurring transactions to generate.
[2025-12-21 22:14:01] ========== CRON END ==========
[2025-12-21 22:15:01] ========== CRON START ==========
[2025-12-21 22:15:01] Date: 2025-12-21 | Jour: 21
[2025-12-21 22:15:01] ✓ No recurring transactions to generate.
[2025-12-21 22:15:01] ========== CRON END ==========
[2025-12-21 22:16:01] ========== CRON START ==========
[2025-12-21 22:16:01] Date: 2025-12-21 | Jour: 21
[2025-12-21 22:16:01] ✓ No recurring transactions to generate.
[2025-12-21 22:16:01] ========== CRON END ==========
[2025-12-21 22:17:01] ========== CRON START ==========
[2025-12-21 22:17:01] Date: 2025-12-21 | Jour: 21
[2025-12-21 22:17:01] ✓ No recurring transactions to generate.
[2025-12-21 22:17:01] ========== CRON END ==========
[2025-12-21 22:18:02] ========== CRON START ==========
[2025-12-21 22:18:02] Date: 2025-12-21 | Jour: 21
[2025-12-21 22:18:02] ✓ No recurring transactions to generate.
[2025-12-21 22:18:02] ========== CRON END ==========
[2025-12-21 22:19:01] ========== CRON START ==========
[2025-12-21 22:19:01] Date: 2025-12-21 | Jour: 21
[2025-12-21 22:19:01] ✓ No recurring transactions to generate.
[2025-12-21 22:19:01] ========== CRON END ==========
[2025-12-21 22:20:01] ========== CRON START ==========
[2025-12-21 22:20:01] Date: 2025-12-21 | Jour: 21
[2025-12-21 22:20:01] ✓ No recurring transactions to generate.
[2025-12-21 22:20:01] ========== CRON END ==========
[2025-12-21 22:21:01] ========== CRON START ==========
[2025-12-21 22:21:01] Date: 2025-12-21 | Jour: 21
[2025-12-21 22:21:01] ✓ No recurring transactions to generate.
[2025-12-21 22:21:01] ========== CRON END ==========
[2025-12-21 22:22:01] ========== CRON START ==========
[2025-12-21 22:22:01] Date: 2025-12-21 | Jour: 21
[2025-12-21 22:22:01] ✓ No recurring transactions to generate.
[2025-12-21 22:22:01] ========== CRON END ==========
[2025-12-21 22:23:01] ========== CRON START ==========
[2025-12-21 22:23:01] Date: 2025-12-21 | Jour: 21
[2025-12-21 22:23:01] ✓ No recurring transactions to generate.
[2025-12-21 22:23:01] ========== CRON END ==========
[2025-12-21 22:24:02] ========== CRON START ==========
[2025-12-21 22:24:02] Date: 2025-12-21 | Jour: 21
[2025-12-21 22:24:02] ✓ No recurring transactions to generate.
[2025-12-21 22:24:02] ========== CRON END ==========
[2025-12-21 22:25:01] ========== CRON START ==========
[2025-12-21 22:25:01] Date: 2025-12-21 | Jour: 21
[2025-12-21 22:25:01] ✓ No recurring transactions to generate.
[2025-12-21 22:25:01] ========== CRON END ==========
[2025-12-21 22:26:01] ========== CRON START ==========
[2025-12-21 22:26:01] Date: 2025-12-21 | Jour: 21
[2025-12-21 22:26:01] ✓ No recurring transactions to generate.
[2025-12-21 22:26:01] ========== CRON END ==========
[2025-12-21 22:27:01] ========== CRON START ==========
[2025-12-21 22:27:01] Date: 2025-12-21 | Jour: 21
[2025-12-21 22:27:01] ✓ No recurring transactions to generate.
[2025-12-21 22:27:01] ========== CRON END ==========
[2025-12-21 22:28:01] ========== CRON START ==========
[2025-12-21 22:28:01] Date: 2025-12-21 | Jour: 21
[2025-12-21 22:28:01] ✓ No recurring transactions to generate.
[2025-12-21 22:28:01] ========== CRON END ==========
[2025-12-21 22:29:01] ========== CRON START ==========
[2025-12-21 22:29:01] Date: 2025-12-21 | Jour: 21
[2025-12-21 22:29:01] ✓ No recurring transactions to generate.
[2025-12-21 22:29:01] ========== CRON END ==========
[2025-12-21 22:30:01] ========== CRON START ==========
[2025-12-21 22:30:01] Date: 2025-12-21 | Jour: 21
[2025-12-21 22:30:01] ✓ No recurring transactions to generate.
[2025-12-21 22:30:01] ========== CRON END ==========
[2025-12-21 22:31:01] ========== CRON START ==========
[2025-12-21 22:31:01] Date: 2025-12-21 | Jour: 21
[2025-12-21 22:31:01] ✓ No recurring transactions to generate.
[2025-12-21 22:31:01] ========== CRON END ==========
[2025-12-21 22:32:01] ========== CRON START ==========
[2025-12-21 22:32:01] Date: 2025-12-21 | Jour: 21
[2025-12-21 22:32:01] ✓ No recurring transactions to generate.
[2025-12-21 22:32:01] ========== CRON END ==========
[2025-12-21 22:33:01] ========== CRON START ==========
[2025-12-21 22:33:01] Date: 2025-12-21 | Jour: 21
[2025-12-21 22:33:01] ✓ No recurring transactions to generate.
[2025-12-21 22:33:01] ========== CRON END ==========
[2025-12-21 22:34:01] ========== CRON START ==========
[2025-12-21 22:34:01] Date: 2025-12-21 | Jour: 21
[2025-12-21 22:34:01] ✓ No recurring transactions to generate.
[2025-12-21 22:34:01] ========== CRON END ==========
[2025-12-21 22:35:02] ========== CRON START ==========
[2025-12-21 22:35:02] Date: 2025-12-21 | Jour: 21
[2025-12-21 22:35:02] ✓ No recurring transactions to generate.
[2025-12-21 22:35:02] ========== CRON END ==========
[2025-12-21 22:36:01] ========== CRON START ==========
[2025-12-21 22:36:01] Date: 2025-12-21 | Jour: 21
[2025-12-21 22:36:01] ✓ No recurring transactions to generate.
[2025-12-21 22:36:01] ========== CRON END ==========
[2025-12-21 22:37:01] ========== CRON START ==========
[2025-12-21 22:37:01] Date: 2025-12-21 | Jour: 21
[2025-12-21 22:37:01] ✓ No recurring transactions to generate.
[2025-12-21 22:37:01] ========== CRON END ==========
[2025-12-21 23:23:01] ========== CRON START ==========
[2025-12-21 23:23:01] Date: 2025-12-21 | Jour: 21
[2025-12-21 23:23:01] ✓ No recurring transactions to generate.
[2025-12-21 23:23:01] ========== CRON END ==========
[2025-12-22 10:02:01] ========== CRON START ==========
[2025-12-22 10:02:01] Date: 2025-12-22 | Jour: 22
[2025-12-22 10:02:01] ✓ No recurring transactions to generate.
[2025-12-22 10:02:01] ========== CRON END ==========
[2025-12-22 09:03:00] ========== CRON START ==========
[2025-12-22 09:03:00] Date: 2025-12-22 | Jour: 22
[2025-12-22 09:03:00] ✓ No recurring transactions to generate.
[2025-12-22 09:03:00] ========== CRON END ==========
[2025-12-22 09:04:01] ========== CRON START ==========
[2025-12-22 09:04:01] Date: 2025-12-22 | Jour: 22
[2025-12-22 09:04:01] ✓ No recurring transactions to generate.
[2025-12-22 09:04:01] ========== CRON END ==========
[2025-12-22 09:05:01] ========== CRON START ==========
[2025-12-22 09:05:01] Date: 2025-12-22 | Jour: 22
[2025-12-22 09:05:01] ✓ No recurring transactions to generate.
[2025-12-22 09:05:01] ========== CRON END ==========
[2025-12-22 09:06:01] ========== CRON START ==========
[2025-12-22 09:06:01] Date: 2025-12-22 | Jour: 22
[2025-12-22 09:06:01] ✓ No recurring transactions to generate.
[2025-12-22 09:06:01] ========== CRON END ==========
[2025-12-22 09:07:01] ========== CRON START ==========
[2025-12-22 09:07:01] Date: 2025-12-22 | Jour: 22
[2025-12-22 09:07:01] ✓ No recurring transactions to generate.
[2025-12-22 09:07:01] ========== CRON END ==========
[2025-12-22 09:08:01] ========== CRON START ==========
[2025-12-22 09:08:01] Date: 2025-12-22 | Jour: 22
[2025-12-22 09:08:01] ✓ No recurring transactions to generate.
[2025-12-22 09:08:01] ========== CRON END ==========
[2025-12-22 09:09:02] ========== CRON START ==========
[2025-12-22 09:09:02] Date: 2025-12-22 | Jour: 22
[2025-12-22 09:09:02] ✓ No recurring transactions to generate.
[2025-12-22 09:09:02] ========== CRON END ==========
[2025-12-22 09:10:01] ========== CRON START ==========
[2025-12-22 09:10:01] Date: 2025-12-22 | Jour: 22
[2025-12-22 09:10:01] ✓ No recurring transactions to generate.
[2025-12-22 09:10:01] ========== CRON END ==========
[2025-12-22 09:11:01] ========== CRON START ==========
[2025-12-22 09:11:01] Date: 2025-12-22 | Jour: 22
[2025-12-22 09:11:01] ✓ No recurring transactions to generate.
[2025-12-22 09:11:01] ========== CRON END ==========
[2025-12-22 09:12:01] ========== CRON START ==========
[2025-12-22 09:12:01] Date: 2025-12-22 | Jour: 22
[2025-12-22 09:12:01] ✓ No recurring transactions to generate.
[2025-12-22 09:12:01] ========== CRON END ==========
[2025-12-22 09:13:01] ========== CRON START ==========
[2025-12-22 09:13:01] Date: 2025-12-22 | Jour: 22
[2025-12-22 09:13:01] ✓ No recurring transactions to generate.
[2025-12-22 09:13:01] ========== CRON END ==========
[2025-12-22 09:14:01] ========== CRON START ==========
[2025-12-22 09:14:01] Date: 2025-12-22 | Jour: 22
[2025-12-22 09:14:01] ✓ No recurring transactions to generate.
[2025-12-22 09:14:01] ========== CRON END ==========
[2025-12-22 09:15:01] ========== CRON START ==========
[2025-12-22 09:15:01] Date: 2025-12-22 | Jour: 22
[2025-12-22 09:15:01] ✓ No recurring transactions to generate.
[2025-12-22 09:15:01] ========== CRON END ==========
[2025-12-22 09:16:01] ========== CRON START ==========
[2025-12-22 09:16:01] Date: 2025-12-22 | Jour: 22
[2025-12-22 09:16:01] ✓ No recurring transactions to generate.
[2025-12-22 09:16:01] ========== CRON END ==========
[2025-12-22 09:17:01] ========== CRON START ==========
[2025-12-22 09:17:01] Date: 2025-12-22 | Jour: 22
[2025-12-22 09:17:01] ✓ No recurring transactions to generate.
[2025-12-22 09:17:01] ========== CRON END ==========
[2025-12-22 09:18:01] ========== CRON START ==========
[2025-12-22 09:18:01] Date: 2025-12-22 | Jour: 22
[2025-12-22 09:18:01] ✓ No recurring transactions to generate.
[2025-12-22 09:18:01] ========== CRON END ==========
[2025-12-22 09:19:01] ========== CRON START ==========
[2025-12-22 09:19:01] Date: 2025-12-22 | Jour: 22
[2025-12-22 09:19:01] ✓ No recurring transactions to generate.
[2025-12-22 09:19:01] ========== CRON END ==========
[2025-12-22 09:20:01] ========== CRON START ==========
[2025-12-22 09:20:01] Date: 2025-12-22 | Jour: 22
[2025-12-22 09:20:01] ✓ No recurring transactions to generate.
[2025-12-22 09:20:01] ========== CRON END ==========
[2025-12-22 09:21:01] ========== CRON START ==========
[2025-12-22 09:21:01] Date: 2025-12-22 | Jour: 22
[2025-12-22 09:21:01] ✓ No recurring transactions to generate.
[2025-12-22 09:21:01] ========== CRON END ==========
[2025-12-22 09:22:01] ========== CRON START ==========
[2025-12-22 09:22:01] Date: 2025-12-22 | Jour: 22
[2025-12-22 09:22:01] ✓ No recurring transactions to generate.
[2025-12-22 09:22:01] ========== CRON END ==========
[2025-12-22 09:23:01] ========== CRON START ==========
[2025-12-22 09:23:01] Date: 2025-12-22 | Jour: 22
[2025-12-22 09:23:01] ✓ No recurring transactions to generate.
[2025-12-22 09:23:01] ========== CRON END ==========
[2025-12-22 09:24:01] ========== CRON START ==========
[2025-12-22 09:24:01] Date: 2025-12-22 | Jour: 22
[2025-12-22 09:24:01] ✓ No recurring transactions to generate.
[2025-12-22 09:24:01] ========== CRON END ==========
[2025-12-22 09:25:01] ========== CRON START ==========
[2025-12-22 09:25:01] Date: 2025-12-22 | Jour: 22
[2025-12-22 09:25:01] ✓ No recurring transactions to generate.
[2025-12-22 09:25:01] ========== CRON END ==========
[2025-12-22 09:26:01] ========== CRON START ==========
[2025-12-22 09:26:01] Date: 2025-12-22 | Jour: 22
[2025-12-22 09:26:01] ✓ No recurring transactions to generate.
[2025-12-22 09:26:01] ========== CRON END ==========
[2025-12-22 09:27:01] ========== CRON START ==========
[2025-12-22 09:27:01] Date: 2025-12-22 | Jour: 22
[2025-12-22 09:27:01] ✓ No recurring transactions to generate.
[2025-12-22 09:27:01] ========== CRON END ==========
[2025-12-22 09:28:01] ========== CRON START ==========
[2025-12-22 09:28:01] Date: 2025-12-22 | Jour: 22
[2025-12-22 09:28:01] ✓ No recurring transactions to generate.
[2025-12-22 09:28:01] ========== CRON END ==========
[2025-12-22 09:29:01] ========== CRON START ==========
[2025-12-22 09:29:01] Date: 2025-12-22 | Jour: 22
[2025-12-22 09:29:01] ✓ No recurring transactions to generate.
[2025-12-22 09:29:01] ========== CRON END ==========
[2025-12-22 09:30:01] ========== CRON START ==========
[2025-12-22 09:30:01] Date: 2025-12-22 | Jour: 22
[2025-12-22 09:30:01] ✓ No recurring transactions to generate.
[2025-12-22 09:30:01] ========== CRON END ==========
[2025-12-22 09:31:01] ========== CRON START ==========
[2025-12-22 09:31:01] Date: 2025-12-22 | Jour: 22
[2025-12-22 09:31:01] ✓ No recurring transactions to generate.
[2025-12-22 09:31:01] ========== CRON END ==========
[2025-12-22 09:42:19] ========== CRON START ==========
[2025-12-22 09:42:19] Date: 2025-12-22 | Jour: 22
[2025-12-22 09:42:19] ✓ No recurring transactions to generate.
[2025-12-22 09:42:19] ========== CRON END ==========
[2025-12-22 09:43:01] ========== CRON START ==========
[2025-12-22 09:43:01] Date: 2025-12-22 | Jour: 22
[2025-12-22 09:43:01] ✓ No recurring transactions to generate.
[2025-12-22 09:43:01] ========== CRON END ==========
[2025-12-22 09:44:01] ========== CRON START ==========
[2025-12-22 09:44:01] Date: 2025-12-22 | Jour: 22
[2025-12-22 09:44:01] ✓ No recurring transactions to generate.
[2025-12-22 09:44:01] ========== CRON END ==========
[2025-12-22 09:45:01] ========== CRON START ==========
[2025-12-22 09:45:01] Date: 2025-12-22 | Jour: 22
[2025-12-22 09:45:01] ✓ No recurring transactions to generate.
[2025-12-22 09:45:01] ========== CRON END ==========
[2025-12-22 09:46:01] ========== CRON START ==========
[2025-12-22 09:46:01] Date: 2025-12-22 | Jour: 22
[2025-12-22 09:46:01] ✓ No recurring transactions to generate.
[2025-12-22 09:46:01] ========== CRON END ==========
[2025-12-22 09:47:01] ========== CRON START ==========
[2025-12-22 09:47:01] Date: 2025-12-22 | Jour: 22
[2025-12-22 09:47:01] ✓ No recurring transactions to generate.
[2025-12-22 09:47:01] ========== CRON END ==========
[2025-12-22 09:48:01] ========== CRON START ==========
[2025-12-22 09:48:01] Date: 2025-12-22 | Jour: 22
[2025-12-22 09:48:01] ✓ No recurring transactions to generate.
[2025-12-22 09:48:01] ========== CRON END ==========
[2025-12-22 09:49:01] ========== CRON START ==========
[2025-12-22 09:49:01] Date: 2025-12-22 | Jour: 22
[2025-12-22 09:49:01] ✓ No recurring transactions to generate.
[2025-12-22 09:49:01] ========== CRON END ==========
[2025-12-22 09:50:01] ========== CRON START ==========
[2025-12-22 09:50:01] Date: 2025-12-22 | Jour: 22
[2025-12-22 09:50:01] ✓ No recurring transactions to generate.
[2025-12-22 09:50:01] ========== CRON END ==========
[2025-12-22 09:51:01] ========== CRON START ==========
[2025-12-22 09:51:01] Date: 2025-12-22 | Jour: 22
[2025-12-22 09:51:01] ✓ No recurring transactions to generate.
[2025-12-22 09:51:01] ========== CRON END ==========
[2025-12-22 09:52:01] ========== CRON START ==========
[2025-12-22 09:52:01] Date: 2025-12-22 | Jour: 22
[2025-12-22 09:52:01] ✓ No recurring transactions to generate.
[2025-12-22 09:52:01] ========== CRON END ==========
[2025-12-22 09:53:01] ========== CRON START ==========
[2025-12-22 09:53:01] Date: 2025-12-22 | Jour: 22
[2025-12-22 09:53:01] ✓ No recurring transactions to generate.
[2025-12-22 09:53:01] ========== CRON END ==========
[2025-12-22 09:54:01] ========== CRON START ==========
[2025-12-22 09:54:01] Date: 2025-12-22 | Jour: 22
[2025-12-22 09:54:01] ✓ No recurring transactions to generate.
[2025-12-22 09:54:01] ========== CRON END ==========
[2025-12-22 09:55:01] ========== CRON START ==========
[2025-12-22 09:55:01] Date: 2025-12-22 | Jour: 22
[2025-12-22 09:55:01] ✓ No recurring transactions to generate.
[2025-12-22 09:55:01] ========== CRON END ==========
[2025-12-22 09:56:01] ========== CRON START ==========
[2025-12-22 09:56:01] Date: 2025-12-22 | Jour: 22
[2025-12-22 09:56:01] ✓ No recurring transactions to generate.
[2025-12-22 09:56:01] ========== CRON END ==========
[2025-12-22 09:57:32] ========== CRON START ==========
[2025-12-22 09:57:32] Date: 2025-12-22 | Jour: 22
[2025-12-22 09:57:32] ✓ No recurring transactions to generate.
[2025-12-22 09:57:32] ========== CRON END ==========
[2025-12-22 09:58:01] ========== CRON START ==========
[2025-12-22 09:58:01] Date: 2025-12-22 | Jour: 22
[2025-12-22 09:58:01] ✓ No recurring transactions to generate.
[2025-12-22 09:58:01] ========== CRON END ==========
[2025-12-22 09:59:01] ========== CRON START ==========
[2025-12-22 09:59:01] Date: 2025-12-22 | Jour: 22
[2025-12-22 09:59:01] ✓ No recurring transactions to generate.
[2025-12-22 09:59:01] ========== CRON END ==========
[2025-12-22 10:00:01] ========== CRON START ==========
[2025-12-22 10:00:01] Date: 2025-12-22 | Jour: 22
[2025-12-22 10:00:01] ✓ No recurring transactions to generate.
[2025-12-22 10:00:01] ========== CRON END ==========
[2025-12-22 10:01:01] ========== CRON START ==========
[2025-12-22 10:01:01] Date: 2025-12-22 | Jour: 22
[2025-12-22 10:01:01] ✓ No recurring transactions to generate.
[2025-12-22 10:01:01] ========== CRON END ==========
[2025-12-22 10:02:01] ========== CRON START ==========
[2025-12-22 10:02:01] Date: 2025-12-22 | Jour: 22
[2025-12-22 10:02:01] ✓ No recurring transactions to generate.
[2025-12-22 10:02:01] ========== CRON END ==========
[2025-12-22 10:03:01] ========== CRON START ==========
[2025-12-22 10:03:01] Date: 2025-12-22 | Jour: 22
[2025-12-22 10:03:01] ✓ No recurring transactions to generate.
[2025-12-22 10:03:01] ========== CRON END ==========
[2025-12-22 10:04:01] ========== CRON START ==========
[2025-12-22 10:04:01] Date: 2025-12-22 | Jour: 22
[2025-12-22 10:04:01] ✓ No recurring transactions to generate.
[2025-12-22 10:04:01] ========== CRON END ==========
[2025-12-22 10:05:01] ========== CRON START ==========
[2025-12-22 10:05:01] Date: 2025-12-22 | Jour: 22
[2025-12-22 10:05:01] ✓ No recurring transactions to generate.
[2025-12-22 10:05:01] ========== CRON END ==========
[2025-12-22 10:06:01] ========== CRON START ==========
[2025-12-22 10:06:01] Date: 2025-12-22 | Jour: 22
[2025-12-22 10:06:01] ✓ No recurring transactions to generate.
[2025-12-22 10:06:01] ========== CRON END ==========
[2025-12-22 10:07:01] ========== CRON START ==========
[2025-12-22 10:07:01] Date: 2025-12-22 | Jour: 22
[2025-12-22 10:07:01] ✓ No recurring transactions to generate.
[2025-12-22 10:07:01] ========== CRON END ==========
[2025-12-22 10:08:01] ========== CRON START ==========
[2025-12-22 10:08:01] Date: 2025-12-22 | Jour: 22
[2025-12-22 10:08:01] ✓ No recurring transactions to generate.
[2025-12-22 10:08:01] ========== CRON END ==========
[2025-12-22 10:09:01] ========== CRON START ==========
[2025-12-22 10:09:01] Date: 2025-12-22 | Jour: 22
[2025-12-22 10:09:01] ✓ No recurring transactions to generate.
[2025-12-22 10:09:01] ========== CRON END ==========
[2025-12-22 10:10:01] ========== CRON START ==========
[2025-12-22 10:10:01] Date: 2025-12-22 | Jour: 22
[2025-12-22 10:10:01] ✓ No recurring transactions to generate.
[2025-12-22 10:10:01] ========== CRON END ==========
[2025-12-22 10:11:01] ========== CRON START ==========
[2025-12-22 10:11:01] Date: 2025-12-22 | Jour: 22
[2025-12-22 10:11:01] ✓ No recurring transactions to generate.
[2025-12-22 10:11:01] ========== CRON END ==========
[2025-12-22 10:12:01] ========== CRON START ==========
[2025-12-22 10:12:01] Date: 2025-12-22 | Jour: 22
[2025-12-22 10:12:01] ✓ No recurring transactions to generate.
[2025-12-22 10:12:01] ========== CRON END ==========
[2025-12-22 10:13:01] ========== CRON START ==========
[2025-12-22 10:13:01] Date: 2025-12-22 | Jour: 22
[2025-12-22 10:13:01] ✓ No recurring transactions to generate.
[2025-12-22 10:13:01] ========== CRON END ==========
[2025-12-22 10:14:01] ========== CRON START ==========
[2025-12-22 10:14:01] Date: 2025-12-22 | Jour: 22
[2025-12-22 10:14:01] ✓ No recurring transactions to generate.
[2025-12-22 10:14:01] ========== CRON END ==========
[2025-12-22 10:15:01] ========== CRON START ==========
[2025-12-22 10:15:01] Date: 2025-12-22 | Jour: 22
[2025-12-22 10:15:01] ✓ No recurring transactions to generate.
[2025-12-22 10:15:01] ========== CRON END ==========
[2025-12-22 10:16:01] ========== CRON START ==========
[2025-12-22 10:16:01] Date: 2025-12-22 | Jour: 22
[2025-12-22 10:16:01] ✓ No recurring transactions to generate.
[2025-12-22 10:16:01] ========== CRON END ==========
[2025-12-22 10:17:01] ========== CRON START ==========
[2025-12-22 10:17:01] Date: 2025-12-22 | Jour: 22
[2025-12-22 10:17:01] ✓ No recurring transactions to generate.
[2025-12-22 10:17:01] ========== CRON END ==========
[2025-12-22 10:18:01] ========== CRON START ==========
[2025-12-22 10:18:01] Date: 2025-12-22 | Jour: 22
[2025-12-22 10:18:01] ✓ No recurring transactions to generate.
[2025-12-22 10:18:01] ========== CRON END ==========
[2025-12-22 10:19:01] ========== CRON START ==========
[2025-12-22 10:19:01] Date: 2025-12-22 | Jour: 22
[2025-12-22 10:19:01] ✓ No recurring transactions to generate.
[2025-12-22 10:19:01] ========== CRON END ==========
[2025-12-22 10:20:01] ========== CRON START ==========
[2025-12-22 10:20:01] Date: 2025-12-22 | Jour: 22
[2025-12-22 10:20:01] ✓ No recurring transactions to generate.
[2025-12-22 10:20:01] ========== CRON END ==========
[2025-12-22 10:21:01] ========== CRON START ==========
[2025-12-22 10:21:01] Date: 2025-12-22 | Jour: 22
[2025-12-22 10:21:01] ✓ No recurring transactions to generate.
[2025-12-22 10:21:01] ========== CRON END ==========
[2025-12-22 10:22:01] ========== CRON START ==========
[2025-12-22 10:22:01] Date: 2025-12-22 | Jour: 22
[2025-12-22 10:22:01] ✓ No recurring transactions to generate.
[2025-12-22 10:22:01] ========== CRON END ==========
[2025-12-22 10:23:01] ========== CRON START ==========
[2025-12-22 10:23:01] Date: 2025-12-22 | Jour: 22
[2025-12-22 10:23:01] ✓ No recurring transactions to generate.
[2025-12-22 10:23:01] ========== CRON END ==========
[2025-12-22 10:24:02] ========== CRON START ==========
[2025-12-22 10:24:02] Date: 2025-12-22 | Jour: 22
[2025-12-22 10:24:02] ✓ No recurring transactions to generate.
[2025-12-22 10:24:02] ========== CRON END ==========
[2025-12-22 10:25:01] ========== CRON START ==========
[2025-12-22 10:25:01] Date: 2025-12-22 | Jour: 22
[2025-12-22 10:25:01] ✓ No recurring transactions to generate.
[2025-12-22 10:25:01] ========== CRON END ==========
[2025-12-22 10:26:01] ========== CRON START ==========
[2025-12-22 10:26:01] Date: 2025-12-22 | Jour: 22
[2025-12-22 10:26:01] ✓ No recurring transactions to generate.
[2025-12-22 10:26:01] ========== CRON END ==========
[2025-12-22 10:27:01] ========== CRON START ==========
[2025-12-22 10:27:01] Date: 2025-12-22 | Jour: 22
[2025-12-22 10:27:01] ✓ No recurring transactions to generate.
[2025-12-22 10:27:01] ========== CRON END ==========
[2025-12-22 10:28:01] ========== CRON START ==========
[2025-12-22 10:28:01] Date: 2025-12-22 | Jour: 22
[2025-12-22 10:28:01] ✓ No recurring transactions to generate.
[2025-12-22 10:28:01] ========== CRON END ==========
[2025-12-22 10:29:01] ========== CRON START ==========
[2025-12-22 10:29:01] Date: 2025-12-22 | Jour: 22
[2025-12-22 10:29:01] ✓ No recurring transactions to generate.
[2025-12-22 10:29:01] ========== CRON END ==========
[2025-12-22 10:30:01] ========== CRON START ==========
[2025-12-22 10:30:01] Date: 2025-12-22 | Jour: 22
[2025-12-22 10:30:01] ✓ No recurring transactions to generate.
[2025-12-22 10:30:01] ========== CRON END ==========
[2025-12-22 10:31:01] ========== CRON START ==========
[2025-12-22 10:31:01] Date: 2025-12-22 | Jour: 22
[2025-12-22 10:31:01] ✓ No recurring transactions to generate.
[2025-12-22 10:31:01] ========== CRON END ==========
[2025-12-22 10:32:01] ========== CRON START ==========
[2025-12-22 10:32:01] Date: 2025-12-22 | Jour: 22
[2025-12-22 10:32:01] ✓ No recurring transactions to generate.
[2025-12-22 10:32:01] ========== CRON END ==========
[2025-12-22 10:33:01] ========== CRON START ==========
[2025-12-22 10:33:01] Date: 2025-12-22 | Jour: 22
[2025-12-22 10:33:01] ✓ No recurring transactions to generate.
[2025-12-22 10:33:01] ========== CRON END ==========
[2025-12-22 10:34:01] ========== CRON START ==========
[2025-12-22 10:34:01] Date: 2025-12-22 | Jour: 22
[2025-12-22 10:34:01] ✓ No recurring transactions to generate.
[2025-12-22 10:34:01] ========== CRON END ==========
[2025-12-22 10:35:01] ========== CRON START ==========
[2025-12-22 10:35:01] Date: 2025-12-22 | Jour: 22
[2025-12-22 10:35:01] ✓ No recurring transactions to generate.
[2025-12-22 10:35:01] ========== CRON END ==========
[2025-12-22 10:36:01] ========== CRON START ==========
[2025-12-22 10:36:01] Date: 2025-12-22 | Jour: 22
[2025-12-22 10:36:01] ✓ No recurring transactions to generate.
[2025-12-22 10:36:01] ========== CRON END ==========
[2025-12-22 10:37:01] ========== CRON START ==========
[2025-12-22 10:37:01] Date: 2025-12-22 | Jour: 22
[2025-12-22 10:37:01] ✓ No recurring transactions to generate.
[2025-12-22 10:37:01] ========== CRON END ==========
[2025-12-22 10:38:01] ========== CRON START ==========
[2025-12-22 10:38:01] Date: 2025-12-22 | Jour: 22
[2025-12-22 10:38:01] ✓ No recurring transactions to generate.
[2025-12-22 10:38:01] ========== CRON END ==========
[2025-12-22 10:39:01] ========== CRON START ==========
[2025-12-22 10:39:01] Date: 2025-12-22 | Jour: 22
[2025-12-22 10:39:01] ✓ No recurring transactions to generate.
[2025-12-22 10:39:01] ========== CRON END ==========
[2025-12-22 11:00:59] ========== CRON START ==========
[2025-12-22 11:00:59] Date: 2025-12-22 | Jour: 22
[2025-12-22 11:00:59] ✓ No recurring transactions to generate.
[2025-12-22 11:00:59] ========== CRON END ==========
[2025-12-22 11:01:01] ========== CRON START ==========
[2025-12-22 11:01:01] Date: 2025-12-22 | Jour: 22
[2025-12-22 11:01:01] ✓ No recurring transactions to generate.
[2025-12-22 11:01:01] ========== CRON END ==========
[2025-12-22 11:02:02] ========== CRON START ==========
[2025-12-22 11:02:02] Date: 2025-12-22 | Jour: 22
[2025-12-22 11:02:02] ✓ No recurring transactions to generate.
[2025-12-22 11:02:02] ========== CRON END ==========
[2025-12-22 11:03:01] ========== CRON START ==========
[2025-12-22 11:03:01] Date: 2025-12-22 | Jour: 22
[2025-12-22 11:03:01] ✓ No recurring transactions to generate.
[2025-12-22 11:03:01] ========== CRON END ==========
[2025-12-22 11:04:01] ========== CRON START ==========
[2025-12-22 11:04:01] Date: 2025-12-22 | Jour: 22
[2025-12-22 11:04:01] ✓ No recurring transactions to generate.
[2025-12-22 11:04:01] ========== CRON END ==========
[2025-12-22 11:05:01] ========== CRON START ==========
[2025-12-22 11:05:01] Date: 2025-12-22 | Jour: 22
[2025-12-22 11:05:01] ✓ No recurring transactions to generate.
[2025-12-22 11:05:01] ========== CRON END ==========
[2025-12-22 11:06:01] ========== CRON START ==========
[2025-12-22 11:06:01] Date: 2025-12-22 | Jour: 22
[2025-12-22 11:06:01] ✓ No recurring transactions to generate.
[2025-12-22 11:06:01] ========== CRON END ==========
[2025-12-22 11:07:01] ========== CRON START ==========
[2025-12-22 11:07:01] Date: 2025-12-22 | Jour: 22
[2025-12-22 11:07:01] ✓ No recurring transactions to generate.
[2025-12-22 11:07:01] ========== CRON END ==========
[2025-12-22 11:08:01] ========== CRON START ==========
[2025-12-22 11:08:01] Date: 2025-12-22 | Jour: 22
[2025-12-22 11:08:01] ✓ No recurring transactions to generate.
[2025-12-22 11:08:01] ========== CRON END ==========
[2025-12-22 11:09:01] ========== CRON START ==========
[2025-12-22 11:09:01] Date: 2025-12-22 | Jour: 22
[2025-12-22 11:09:01] ✓ No recurring transactions to generate.
[2025-12-22 11:09:01] ========== CRON END ==========
[2025-12-22 11:10:01] ========== CRON START ==========
[2025-12-22 11:10:01] Date: 2025-12-22 | Jour: 22
[2025-12-22 11:10:01] ✓ No recurring transactions to generate.
[2025-12-22 11:10:01] ========== CRON END ==========
[2025-12-22 11:11:01] ========== CRON START ==========
[2025-12-22 11:11:01] Date: 2025-12-22 | Jour: 22
[2025-12-22 11:11:01] ✓ No recurring transactions to generate.
[2025-12-22 11:11:01] ========== CRON END ==========
[2025-12-22 11:12:01] ========== CRON START ==========
[2025-12-22 11:12:01] Date: 2025-12-22 | Jour: 22
[2025-12-22 11:12:01] ✓ No recurring transactions to generate.
[2025-12-22 11:12:01] ========== CRON END ==========
[2025-12-22 11:13:01] ========== CRON START ==========
[2025-12-22 11:13:01] Date: 2025-12-22 | Jour: 22
[2025-12-22 11:13:01] ✓ No recurring transactions to generate.
[2025-12-22 11:13:01] ========== CRON END ==========
[2025-12-22 11:14:01] ========== CRON START ==========
[2025-12-22 11:14:01] Date: 2025-12-22 | Jour: 22
[2025-12-22 11:14:01] ✓ No recurring transactions to generate.
[2025-12-22 11:14:01] ========== CRON END ==========
[2025-12-22 11:15:01] ========== CRON START ==========
[2025-12-22 11:15:01] Date: 2025-12-22 | Jour: 22
[2025-12-22 11:15:01] ✓ No recurring transactions to generate.
[2025-12-22 11:15:01] ========== CRON END ==========
[2025-12-22 11:16:01] ========== CRON START ==========
[2025-12-22 11:16:01] Date: 2025-12-22 | Jour: 22
[2025-12-22 11:16:01] ✓ No recurring transactions to generate.
[2025-12-22 11:16:01] ========== CRON END ==========
[2025-12-22 11:17:01] ========== CRON START ==========
[2025-12-22 11:17:01] Date: 2025-12-22 | Jour: 22
[2025-12-22 11:17:01] ✓ No recurring transactions to generate.
[2025-12-22 11:17:01] ========== CRON END ==========
[2025-12-22 11:18:02] ========== CRON START ==========
[2025-12-22 11:18:02] Date: 2025-12-22 | Jour: 22
[2025-12-22 11:18:02] ✓ No recurring transactions to generate.
[2025-12-22 11:18:02] ========== CRON END ==========
[2025-12-22 11:19:01] ========== CRON START ==========
[2025-12-22 11:19:01] Date: 2025-12-22 | Jour: 22
[2025-12-22 11:19:01] ✓ No recurring transactions to generate.
[2025-12-22 11:19:01] ========== CRON END ==========
[2025-12-22 11:20:01] ========== CRON START ==========
[2025-12-22 11:20:01] Date: 2025-12-22 | Jour: 22
[2025-12-22 11:20:01] ✓ No recurring transactions to generate.
[2025-12-22 11:20:01] ========== CRON END ==========
[2025-12-22 11:21:01] ========== CRON START ==========
[2025-12-22 11:21:01] Date: 2025-12-22 | Jour: 22
[2025-12-22 11:21:01] ✓ No recurring transactions to generate.
[2025-12-22 11:21:01] ========== CRON END ==========
[2025-12-22 11:22:01] ========== CRON START ==========
[2025-12-22 11:22:01] Date: 2025-12-22 | Jour: 22
[2025-12-22 11:22:01] ✓ No recurring transactions to generate.
[2025-12-22 11:22:01] ========== CRON END ==========
[2025-12-22 11:23:01] ========== CRON START ==========
[2025-12-22 11:23:01] Date: 2025-12-22 | Jour: 22
[2025-12-22 11:23:01] ✓ No recurring transactions to generate.
[2025-12-22 11:23:01] ========== CRON END ==========
[2025-12-22 11:24:01] ========== CRON START ==========
[2025-12-22 11:24:01] Date: 2025-12-22 | Jour: 22
[2025-12-22 11:24:01] ✓ No recurring transactions to generate.
[2025-12-22 11:24:01] ========== CRON END ==========
[2025-12-22 11:25:01] ========== CRON START ==========
[2025-12-22 11:25:01] Date: 2025-12-22 | Jour: 22
[2025-12-22 11:25:01] ✓ No recurring transactions to generate.
[2025-12-22 11:25:01] ========== CRON END ==========
[2025-12-22 11:26:01] ========== CRON START ==========
[2025-12-22 11:26:01] Date: 2025-12-22 | Jour: 22
[2025-12-22 11:26:01] ✓ No recurring transactions to generate.
[2025-12-22 11:26:01] ========== CRON END ==========
[2025-12-22 11:27:01] ========== CRON START ==========
[2025-12-22 11:27:01] Date: 2025-12-22 | Jour: 22
[2025-12-22 11:27:01] ✓ No recurring transactions to generate.
[2025-12-22 11:27:01] ========== CRON END ==========
[2025-12-22 11:28:01] ========== CRON START ==========
[2025-12-22 11:28:01] Date: 2025-12-22 | Jour: 22
[2025-12-22 11:28:01] ✓ No recurring transactions to generate.
[2025-12-22 11:28:01] ========== CRON END ==========
[2025-12-22 11:29:01] ========== CRON START ==========
[2025-12-22 11:29:01] Date: 2025-12-22 | Jour: 22
[2025-12-22 11:29:01] ✓ No recurring transactions to generate.
[2025-12-22 11:29:01] ========== CRON END ==========
[2025-12-22 11:30:01] ========== CRON START ==========
[2025-12-22 11:30:01] Date: 2025-12-22 | Jour: 22
[2025-12-22 11:30:01] ✓ No recurring transactions to generate.
[2025-12-22 11:30:01] ========== CRON END ==========
[2025-12-22 11:31:02] ========== CRON START ==========
[2025-12-22 11:31:02] Date: 2025-12-22 | Jour: 22
[2025-12-22 11:31:02] ✓ No recurring transactions to generate.
[2025-12-22 11:31:02] ========== CRON END ==========
[2025-12-22 11:32:01] ========== CRON START ==========
[2025-12-22 11:32:01] Date: 2025-12-22 | Jour: 22
[2025-12-22 11:32:01] ✓ No recurring transactions to generate.
[2025-12-22 11:32:01] ========== CRON END ==========
[2025-12-22 11:33:01] ========== CRON START ==========
[2025-12-22 11:33:01] Date: 2025-12-22 | Jour: 22
[2025-12-22 11:33:01] ✓ No recurring transactions to generate.
[2025-12-22 11:33:01] ========== CRON END ==========
[2025-12-22 11:34:01] ========== CRON START ==========
[2025-12-22 11:34:01] Date: 2025-12-22 | Jour: 22
[2025-12-22 11:34:01] ✓ No recurring transactions to generate.
[2025-12-22 11:34:01] ========== CRON END ==========
[2025-12-22 11:35:01] ========== CRON START ==========
[2025-12-22 11:35:01] Date: 2025-12-22 | Jour: 22
[2025-12-22 11:35:01] ✓ No recurring transactions to generate.
[2025-12-22 11:35:01] ========== CRON END ==========
[2025-12-22 11:36:01] ========== CRON START ==========
[2025-12-22 11:36:01] Date: 2025-12-22 | Jour: 22
[2025-12-22 11:36:01] ✓ No recurring transactions to generate.
[2025-12-22 11:36:01] ========== CRON END ==========
[2025-12-22 11:37:01] ========== CRON START ==========
[2025-12-22 11:37:01] Date: 2025-12-22 | Jour: 22
[2025-12-22 11:37:01] ✓ No recurring transactions to generate.
[2025-12-22 11:37:01] ========== CRON END ==========
[2025-12-22 11:38:01] ========== CRON START ==========
[2025-12-22 11:38:01] Date: 2025-12-22 | Jour: 22
[2025-12-22 11:38:01] ✓ No recurring transactions to generate.
[2025-12-22 11:38:01] ========== CRON END ==========
[2025-12-22 11:39:01] ========== CRON START ==========
[2025-12-22 11:39:01] Date: 2025-12-22 | Jour: 22
[2025-12-22 11:39:01] ✓ No recurring transactions to generate.
[2025-12-22 11:39:01] ========== CRON END ==========
[2025-12-22 11:40:01] ========== CRON START ==========
[2025-12-22 11:40:01] Date: 2025-12-22 | Jour: 22
[2025-12-22 11:40:01] ✓ No recurring transactions to generate.
[2025-12-22 11:40:01] ========== CRON END ==========
[2025-12-22 11:41:01] ========== CRON START ==========
[2025-12-22 11:41:01] Date: 2025-12-22 | Jour: 22
[2025-12-22 11:41:01] ✓ No recurring transactions to generate.
[2025-12-22 11:41:01] ========== CRON END ==========
[2025-12-22 11:42:01] ========== CRON START ==========
[2025-12-22 11:42:01] Date: 2025-12-22 | Jour: 22
[2025-12-22 11:42:01] ✓ No recurring transactions to generate.
[2025-12-22 11:42:01] ========== CRON END ==========
[2025-12-22 11:43:01] ========== CRON START ==========
[2025-12-22 11:43:01] Date: 2025-12-22 | Jour: 22
[2025-12-22 11:43:01] ✓ No recurring transactions to generate.
[2025-12-22 11:43:01] ========== CRON END ==========
[2025-12-22 11:44:01] ========== CRON START ==========
[2025-12-22 11:44:01] Date: 2025-12-22 | Jour: 22
[2025-12-22 11:44:01] ✓ No recurring transactions to generate.
[2025-12-22 11:44:01] ========== CRON END ==========
[2025-12-22 11:45:01] ========== CRON START ==========
[2025-12-22 11:45:01] Date: 2025-12-22 | Jour: 22
[2025-12-22 11:45:01] ✓ No recurring transactions to generate.
[2025-12-22 11:45:01] ========== CRON END ==========
[2025-12-22 11:46:01] ========== CRON START ==========
[2025-12-22 11:46:01] Date: 2025-12-22 | Jour: 22
[2025-12-22 11:46:01] ✓ No recurring transactions to generate.
[2025-12-22 11:46:01] ========== CRON END ==========
[2025-12-22 11:47:01] ========== CRON START ==========
[2025-12-22 11:47:01] Date: 2025-12-22 | Jour: 22
[2025-12-22 11:47:01] ✓ No recurring transactions to generate.
[2025-12-22 11:47:01] ========== CRON END ==========
[2025-12-22 11:48:01] ========== CRON START ==========
[2025-12-22 11:48:01] Date: 2025-12-22 | Jour: 22
[2025-12-22 11:48:01] ✓ No recurring transactions to generate.
[2025-12-22 11:48:01] ========== CRON END ==========
[2025-12-22 11:49:01] ========== CRON START ==========
[2025-12-22 11:49:01] Date: 2025-12-22 | Jour: 22
[2025-12-22 11:49:01] ✓ No recurring transactions to generate.
[2025-12-22 11:49:01] ========== CRON END ==========
[2025-12-22 11:50:01] ========== CRON START ==========
[2025-12-22 11:50:01] Date: 2025-12-22 | Jour: 22
[2025-12-22 11:50:01] ✓ No recurring transactions to generate.
[2025-12-22 11:50:01] ========== CRON END ==========
[2025-12-22 11:51:01] ========== CRON START ==========
[2025-12-22 11:51:01] Date: 2025-12-22 | Jour: 22
[2025-12-22 11:51:01] ✓ No recurring transactions to generate.
[2025-12-22 11:51:01] ========== CRON END ==========
[2025-12-22 11:52:01] ========== CRON START ==========
[2025-12-22 11:52:01] Date: 2025-12-22 | Jour: 22
[2025-12-22 11:52:01] ✓ No recurring transactions to generate.
[2025-12-22 11:52:01] ========== CRON END ==========
[2025-12-22 11:53:01] ========== CRON START ==========
[2025-12-22 11:53:01] Date: 2025-12-22 | Jour: 22
[2025-12-22 11:53:01] ✓ No recurring transactions to generate.
[2025-12-22 11:53:01] ========== CRON END ==========
[2025-12-22 11:54:01] ========== CRON START ==========
[2025-12-22 11:54:01] Date: 2025-12-22 | Jour: 22
[2025-12-22 11:54:01] ✓ No recurring transactions to generate.
[2025-12-22 11:54:01] ========== CRON END ==========
[2025-12-22 11:55:02] ========== CRON START ==========
[2025-12-22 11:55:02] Date: 2025-12-22 | Jour: 22
[2025-12-22 11:55:02] ✓ No recurring transactions to generate.
[2025-12-22 11:55:02] ========== CRON END ==========
[2025-12-22 11:56:01] ========== CRON START ==========
[2025-12-22 11:56:01] Date: 2025-12-22 | Jour: 22
[2025-12-22 11:56:01] ✓ No recurring transactions to generate.
[2025-12-22 11:56:01] ========== CRON END ==========
[2025-12-22 11:57:01] ========== CRON START ==========
[2025-12-22 11:57:01] Date: 2025-12-22 | Jour: 22
[2025-12-22 11:57:01] ✓ No recurring transactions to generate.
[2025-12-22 11:57:01] ========== CRON END ==========
[2025-12-22 11:58:01] ========== CRON START ==========
[2025-12-22 11:58:01] Date: 2025-12-22 | Jour: 22
[2025-12-22 11:58:01] ✓ No recurring transactions to generate.
[2025-12-22 11:58:01] ========== CRON END ==========
[2025-12-22 11:59:01] ========== CRON START ==========
[2025-12-22 11:59:01] Date: 2025-12-22 | Jour: 22
[2025-12-22 11:59:01] ✓ No recurring transactions to generate.
[2025-12-22 11:59:01] ========== CRON END ==========
[2025-12-22 12:00:01] ========== CRON START ==========
[2025-12-22 12:00:01] Date: 2025-12-22 | Jour: 22
[2025-12-22 12:00:01] ✓ No recurring transactions to generate.
[2025-12-22 12:00:01] ========== CRON END ==========
[2025-12-22 12:01:01] ========== CRON START ==========
[2025-12-22 12:01:01] Date: 2025-12-22 | Jour: 22
[2025-12-22 12:01:01] ✓ No recurring transactions to generate.
[2025-12-22 12:01:01] ========== CRON END ==========
[2025-12-22 12:02:01] ========== CRON START ==========
[2025-12-22 12:02:01] Date: 2025-12-22 | Jour: 22
[2025-12-22 12:02:01] ✓ No recurring transactions to generate.
[2025-12-22 12:02:01] ========== CRON END ==========
[2025-12-22 12:03:01] ========== CRON START ==========
[2025-12-22 12:03:01] Date: 2025-12-22 | Jour: 22
[2025-12-22 12:03:01] ✓ No recurring transactions to generate.
[2025-12-22 12:03:01] ========== CRON END ==========
[2025-12-22 12:04:01] ========== CRON START ==========
[2025-12-22 12:04:01] Date: 2025-12-22 | Jour: 22
[2025-12-22 12:04:01] ✓ No recurring transactions to generate.
[2025-12-22 12:04:01] ========== CRON END ==========
[2025-12-22 12:05:01] ========== CRON START ==========
[2025-12-22 12:05:01] Date: 2025-12-22 | Jour: 22
[2025-12-22 12:05:01] ✓ No recurring transactions to generate.
[2025-12-22 12:05:01] ========== CRON END ==========
[2025-12-22 12:06:01] ========== CRON START ==========
[2025-12-22 12:06:01] Date: 2025-12-22 | Jour: 22
[2025-12-22 12:06:01] ✓ No recurring transactions to generate.
[2025-12-22 12:06:01] ========== CRON END ==========
[2025-12-22 12:07:01] ========== CRON START ==========
[2025-12-22 12:07:01] Date: 2025-12-22 | Jour: 22
[2025-12-22 12:07:01] ✓ No recurring transactions to generate.
[2025-12-22 12:07:01] ========== CRON END ==========
[2025-12-22 12:08:01] ========== CRON START ==========
[2025-12-22 12:08:01] Date: 2025-12-22 | Jour: 22
[2025-12-22 12:08:01] ✓ No recurring transactions to generate.
[2025-12-22 12:08:01] ========== CRON END ==========
[2025-12-22 12:09:01] ========== CRON START ==========
[2025-12-22 12:09:01] Date: 2025-12-22 | Jour: 22
[2025-12-22 12:09:01] ✓ No recurring transactions to generate.
[2025-12-22 12:09:01] ========== CRON END ==========
[2025-12-22 12:10:01] ========== CRON START ==========
[2025-12-22 12:10:01] Date: 2025-12-22 | Jour: 22
[2025-12-22 12:10:01] ✓ No recurring transactions to generate.
[2025-12-22 12:10:01] ========== CRON END ==========
[2025-12-22 12:11:01] ========== CRON START ==========
[2025-12-22 12:11:01] Date: 2025-12-22 | Jour: 22
[2025-12-22 12:11:01] ✓ No recurring transactions to generate.
[2025-12-22 12:11:01] ========== CRON END ==========
[2025-12-22 12:12:01] ========== CRON START ==========
[2025-12-22 12:12:01] Date: 2025-12-22 | Jour: 22
[2025-12-22 12:12:01] ✓ No recurring transactions to generate.
[2025-12-22 12:12:01] ========== CRON END ==========
[2025-12-22 12:13:01] ========== CRON START ==========
[2025-12-22 12:13:01] Date: 2025-12-22 | Jour: 22
[2025-12-22 12:13:01] ✓ No recurring transactions to generate.
[2025-12-22 12:13:01] ========== CRON END ==========
[2025-12-22 12:14:01] ========== CRON START ==========
[2025-12-22 12:14:01] Date: 2025-12-22 | Jour: 22
[2025-12-22 12:14:01] ✓ No recurring transactions to generate.
[2025-12-22 12:14:01] ========== CRON END ==========
[2025-12-22 12:15:01] ========== CRON START ==========
[2025-12-22 12:15:01] Date: 2025-12-22 | Jour: 22
[2025-12-22 12:15:01] ✓ No recurring transactions to generate.
[2025-12-22 12:15:01] ========== CRON END ==========
[2025-12-22 12:16:01] ========== CRON START ==========
[2025-12-22 12:16:01] Date: 2025-12-22 | Jour: 22
[2025-12-22 12:16:01] ✓ No recurring transactions to generate.
[2025-12-22 12:16:01] ========== CRON END ==========
[2025-12-22 12:17:01] ========== CRON START ==========
[2025-12-22 12:17:01] Date: 2025-12-22 | Jour: 22
[2025-12-22 12:17:01] ✓ No recurring transactions to generate.
[2025-12-22 12:17:01] ========== CRON END ==========
[2025-12-22 12:18:02] ========== CRON START ==========
[2025-12-22 12:18:02] Date: 2025-12-22 | Jour: 22
[2025-12-22 12:18:02] ✓ No recurring transactions to generate.
[2025-12-22 12:18:02] ========== CRON END ==========
[2025-12-22 12:19:01] ========== CRON START ==========
[2025-12-22 12:19:01] Date: 2025-12-22 | Jour: 22
[2025-12-22 12:19:01] ✓ No recurring transactions to generate.
[2025-12-22 12:19:01] ========== CRON END ==========
[2025-12-22 12:20:01] ========== CRON START ==========
[2025-12-22 12:20:01] Date: 2025-12-22 | Jour: 22
[2025-12-22 12:20:01] ✓ No recurring transactions to generate.
[2025-12-22 12:20:01] ========== CRON END ==========
[2025-12-22 12:21:01] ========== CRON START ==========
[2025-12-22 12:21:01] Date: 2025-12-22 | Jour: 22
[2025-12-22 12:21:01] ✓ No recurring transactions to generate.
[2025-12-22 12:21:01] ========== CRON END ==========
[2025-12-22 12:22:01] ========== CRON START ==========
[2025-12-22 12:22:01] Date: 2025-12-22 | Jour: 22
[2025-12-22 12:22:01] ✓ No recurring transactions to generate.
[2025-12-22 12:22:01] ========== CRON END ==========
[2025-12-22 12:23:01] ========== CRON START ==========
[2025-12-22 12:23:01] Date: 2025-12-22 | Jour: 22
[2025-12-22 12:23:01] ✓ No recurring transactions to generate.
[2025-12-22 12:23:01] ========== CRON END ==========
[2025-12-22 12:24:01] ========== CRON START ==========
[2025-12-22 12:24:01] Date: 2025-12-22 | Jour: 22
[2025-12-22 12:24:01] ✓ No recurring transactions to generate.
[2025-12-22 12:24:01] ========== CRON END ==========
[2025-12-22 12:25:01] ========== CRON START ==========
[2025-12-22 12:25:01] Date: 2025-12-22 | Jour: 22
[2025-12-22 12:25:01] ✓ No recurring transactions to generate.
[2025-12-22 12:25:01] ========== CRON END ==========
[2025-12-22 12:26:01] ========== CRON START ==========
[2025-12-22 12:26:01] Date: 2025-12-22 | Jour: 22
[2025-12-22 12:26:01] ✓ No recurring transactions to generate.
[2025-12-22 12:26:01] ========== CRON END ==========
[2025-12-22 12:27:01] ========== CRON START ==========
[2025-12-22 12:27:01] Date: 2025-12-22 | Jour: 22
[2025-12-22 12:27:01] ✓ No recurring transactions to generate.
[2025-12-22 12:27:01] ========== CRON END ==========
[2025-12-22 12:28:01] ========== CRON START ==========
[2025-12-22 12:28:01] Date: 2025-12-22 | Jour: 22
[2025-12-22 12:28:01] ✓ No recurring transactions to generate.
[2025-12-22 12:28:01] ========== CRON END ==========
[2025-12-22 12:29:01] ========== CRON START ==========
[2025-12-22 12:29:01] Date: 2025-12-22 | Jour: 22
[2025-12-22 12:29:01] ✓ No recurring transactions to generate.
[2025-12-22 12:29:01] ========== CRON END ==========
[2025-12-22 12:30:01] ========== CRON START ==========
[2025-12-22 12:30:01] Date: 2025-12-22 | Jour: 22
[2025-12-22 12:30:01] ✓ No recurring transactions to generate.
[2025-12-22 12:30:01] ========== CRON END ==========
[2025-12-22 12:31:01] ========== CRON START ==========
[2025-12-22 12:31:01] Date: 2025-12-22 | Jour: 22
[2025-12-22 12:31:01] ✓ No recurring transactions to generate.
[2025-12-22 12:31:01] ========== CRON END ==========
[2025-12-22 12:32:01] ========== CRON START ==========
[2025-12-22 12:32:01] Date: 2025-12-22 | Jour: 22
[2025-12-22 12:32:01] ✓ No recurring transactions to generate.
[2025-12-22 12:32:01] ========== CRON END ==========
[2025-12-22 12:33:01] ========== CRON START ==========
[2025-12-22 12:33:01] Date: 2025-12-22 | Jour: 22
[2025-12-22 12:33:01] ✓ No recurring transactions to generate.
[2025-12-22 12:33:01] ========== CRON END ==========
[2025-12-22 12:34:01] ========== CRON START ==========
[2025-12-22 12:34:01] Date: 2025-12-22 | Jour: 22
[2025-12-22 12:34:01] ✓ No recurring transactions to generate.
[2025-12-22 12:34:01] ========== CRON END ==========
[2025-12-22 12:35:01] ========== CRON START ==========
[2025-12-22 12:35:01] Date: 2025-12-22 | Jour: 22
[2025-12-22 12:35:01] ✓ No recurring transactions to generate.
[2025-12-22 12:35:01] ========== CRON END ==========
[2025-12-22 12:36:01] ========== CRON START ==========
[2025-12-22 12:36:01] Date: 2025-12-22 | Jour: 22
[2025-12-22 12:36:01] ✓ No recurring transactions to generate.
[2025-12-22 12:36:01] ========== CRON END ==========
[2025-12-22 12:37:01] ========== CRON START ==========
[2025-12-22 12:37:01] Date: 2025-12-22 | Jour: 22
[2025-12-22 12:37:01] ✓ No recurring transactions to generate.
[2025-12-22 12:37:01] ========== CRON END ==========
[2025-12-22 12:38:01] ========== CRON START ==========
[2025-12-22 12:38:01] Date: 2025-12-22 | Jour: 22
[2025-12-22 12:38:01] ✓ No recurring transactions to generate.
[2025-12-22 12:38:01] ========== CRON END ==========
[2025-12-22 12:39:02] ========== CRON START ==========
[2025-12-22 12:39:02] Date: 2025-12-22 | Jour: 22
[2025-12-22 12:39:02] ✓ No recurring transactions to generate.
[2025-12-22 12:39:02] ========== CRON END ==========
[2025-12-22 12:40:01] ========== CRON START ==========
[2025-12-22 12:40:01] Date: 2025-12-22 | Jour: 22
[2025-12-22 12:40:01] ✓ No recurring transactions to generate.
[2025-12-22 12:40:01] ========== CRON END ==========
[2025-12-22 12:41:01] ========== CRON START ==========
[2025-12-22 12:41:01] Date: 2025-12-22 | Jour: 22
[2025-12-22 12:41:01] ✓ No recurring transactions to generate.
[2025-12-22 12:41:01] ========== CRON END ==========
[2025-12-22 12:42:01] ========== CRON START ==========
[2025-12-22 12:42:01] Date: 2025-12-22 | Jour: 22
[2025-12-22 12:42:01] ✓ No recurring transactions to generate.
[2025-12-22 12:42:01] ========== CRON END ==========
[2025-12-22 12:43:01] ========== CRON START ==========
[2025-12-22 12:43:01] Date: 2025-12-22 | Jour: 22
[2025-12-22 12:43:01] ✓ No recurring transactions to generate.
[2025-12-22 12:43:01] ========== CRON END ==========
[2025-12-22 12:44:01] ========== CRON START ==========
[2025-12-22 12:44:01] Date: 2025-12-22 | Jour: 22
[2025-12-22 12:44:01] ✓ No recurring transactions to generate.
[2025-12-22 12:44:01] ========== CRON END ==========
[2025-12-22 12:45:01] ========== CRON START ==========
[2025-12-22 12:45:01] Date: 2025-12-22 | Jour: 22
[2025-12-22 12:45:01] ✓ No recurring transactions to generate.
[2025-12-22 12:45:01] ========== CRON END ==========
[2025-12-22 12:46:01] ========== CRON START ==========
[2025-12-22 12:46:01] Date: 2025-12-22 | Jour: 22
[2025-12-22 12:46:01] ✓ No recurring transactions to generate.
[2025-12-22 12:46:01] ========== CRON END ==========
[2025-12-22 12:47:01] ========== CRON START ==========
[2025-12-22 12:47:01] Date: 2025-12-22 | Jour: 22
[2025-12-22 12:47:01] ✓ No recurring transactions to generate.
[2025-12-22 12:47:01] ========== CRON END ==========
[2025-12-22 12:48:01] ========== CRON START ==========
[2025-12-22 12:48:01] Date: 2025-12-22 | Jour: 22
[2025-12-22 12:48:01] ✓ No recurring transactions to generate.
[2025-12-22 12:48:01] ========== CRON END ==========
[2025-12-22 12:49:01] ========== CRON START ==========
[2025-12-22 12:49:01] Date: 2025-12-22 | Jour: 22
[2025-12-22 12:49:01] ✓ No recurring transactions to generate.
[2025-12-22 12:49:01] ========== CRON END ==========
[2025-12-22 12:50:01] ========== CRON START ==========
[2025-12-22 12:50:01] Date: 2025-12-22 | Jour: 22
[2025-12-22 12:50:01] ✓ No recurring transactions to generate.
[2025-12-22 12:50:01] ========== CRON END ==========
[2025-12-22 12:51:01] ========== CRON START ==========
[2025-12-22 12:51:01] Date: 2025-12-22 | Jour: 22
[2025-12-22 12:51:01] ✓ No recurring transactions to generate.
[2025-12-22 12:51:01] ========== CRON END ==========
[2025-12-22 12:52:01] ========== CRON START ==========
[2025-12-22 12:52:01] Date: 2025-12-22 | Jour: 22
[2025-12-22 12:52:01] ✓ No recurring transactions to generate.
[2025-12-22 12:52:01] ========== CRON END ==========
[2025-12-22 12:53:01] ========== CRON START ==========
[2025-12-22 12:53:01] Date: 2025-12-22 | Jour: 22
[2025-12-22 12:53:01] ✓ No recurring transactions to generate.
[2025-12-22 12:53:01] ========== CRON END ==========
[2025-12-22 12:54:01] ========== CRON START ==========
[2025-12-22 12:54:01] Date: 2025-12-22 | Jour: 22
[2025-12-22 12:54:01] ✓ No recurring transactions to generate.
[2025-12-22 12:54:01] ========== CRON END ==========
[2025-12-22 12:55:01] ========== CRON START ==========
[2025-12-22 12:55:01] Date: 2025-12-22 | Jour: 22
[2025-12-22 12:55:01] ✓ No recurring transactions to generate.
[2025-12-22 12:55:01] ========== CRON END ==========
[2025-12-22 12:56:01] ========== CRON START ==========
[2025-12-22 12:56:01] Date: 2025-12-22 | Jour: 22
[2025-12-22 12:56:01] ✓ No recurring transactions to generate.
[2025-12-22 12:56:01] ========== CRON END ==========
[2025-12-22 12:57:01] ========== CRON START ==========
[2025-12-22 12:57:01] Date: 2025-12-22 | Jour: 22
[2025-12-22 12:57:01] ✓ No recurring transactions to generate.
[2025-12-22 12:57:01] ========== CRON END ==========
[2025-12-22 12:58:01] ========== CRON START ==========
[2025-12-22 12:58:01] Date: 2025-12-22 | Jour: 22
[2025-12-22 12:58:01] ✓ No recurring transactions to generate.
[2025-12-22 12:58:01] ========== CRON END ==========
[2025-12-22 12:59:01] ========== CRON START ==========
[2025-12-22 12:59:01] Date: 2025-12-22 | Jour: 22
[2025-12-22 12:59:01] ✓ No recurring transactions to generate.
[2025-12-22 12:59:01] ========== CRON END ==========
[2025-12-22 14:31:05] ========== CRON START ==========
[2025-12-22 14:31:05] Date: 2025-12-22 | Jour: 22
[2025-12-22 14:31:05] ✓ No recurring transactions to generate.
[2025-12-22 14:31:05] ========== CRON END ==========
[2025-12-22 14:32:01] ========== CRON START ==========
[2025-12-22 14:32:01] Date: 2025-12-22 | Jour: 22
[2025-12-22 14:32:01] ✓ No recurring transactions to generate.
[2025-12-22 14:32:01] ========== CRON END ==========
[2025-12-22 14:33:01] ========== CRON START ==========
[2025-12-22 14:33:01] Date: 2025-12-22 | Jour: 22
[2025-12-22 14:33:01] ✓ No recurring transactions to generate.
[2025-12-22 14:33:01] ========== CRON END ==========
[2025-12-22 14:34:01] ========== CRON START ==========
[2025-12-22 14:34:01] Date: 2025-12-22 | Jour: 22
[2025-12-22 14:34:01] ✓ No recurring transactions to generate.
[2025-12-22 14:34:01] ========== CRON END ==========
[2025-12-22 14:35:01] ========== CRON START ==========
[2025-12-22 14:35:01] Date: 2025-12-22 | Jour: 22
[2025-12-22 14:35:01] ✓ No recurring transactions to generate.
[2025-12-22 14:35:01] ========== CRON END ==========
[2025-12-22 14:36:01] ========== CRON START ==========
[2025-12-22 14:36:01] Date: 2025-12-22 | Jour: 22
[2025-12-22 14:36:01] ✓ No recurring transactions to generate.
[2025-12-22 14:36:01] ========== CRON END ==========
[2025-12-22 14:37:01] ========== CRON START ==========
[2025-12-22 14:37:01] Date: 2025-12-22 | Jour: 22
[2025-12-22 14:37:01] ✓ No recurring transactions to generate.
[2025-12-22 14:37:01] ========== CRON END ==========
[2025-12-22 14:38:01] ========== CRON START ==========
[2025-12-22 14:38:01] Date: 2025-12-22 | Jour: 22
[2025-12-22 14:38:01] ✓ No recurring transactions to generate.
[2025-12-22 14:38:01] ========== CRON END ==========
[2025-12-22 14:39:01] ========== CRON START ==========
[2025-12-22 14:39:01] Date: 2025-12-22 | Jour: 22
[2025-12-22 14:39:01] ✓ No recurring transactions to generate.
[2025-12-22 14:39:01] ========== CRON END ==========
[2025-12-22 14:40:01] ========== CRON START ==========
[2025-12-22 14:40:01] Date: 2025-12-22 | Jour: 22
[2025-12-22 14:40:01] ✓ No recurring transactions to generate.
[2025-12-22 14:40:01] ========== CRON END ==========
[2025-12-22 14:41:01] ========== CRON START ==========
[2025-12-22 14:41:01] Date: 2025-12-22 | Jour: 22
[2025-12-22 14:41:01] ✓ No recurring transactions to generate.
[2025-12-22 14:41:01] ========== CRON END ==========
[2025-12-22 14:42:01] ========== CRON START ==========
[2025-12-22 14:42:01] Date: 2025-12-22 | Jour: 22
[2025-12-22 14:42:01] ✓ No recurring transactions to generate.
[2025-12-22 14:42:01] ========== CRON END ==========
[2025-12-22 14:43:01] ========== CRON START ==========
[2025-12-22 14:43:01] Date: 2025-12-22 | Jour: 22
[2025-12-22 14:43:01] ✓ No recurring transactions to generate.
[2025-12-22 14:43:01] ========== CRON END ==========
[2025-12-22 14:44:01] ========== CRON START ==========
[2025-12-22 14:44:01] Date: 2025-12-22 | Jour: 22
[2025-12-22 14:44:01] ✓ No recurring transactions to generate.
[2025-12-22 14:44:01] ========== CRON END ==========
[2025-12-22 14:45:01] ========== CRON START ==========
[2025-12-22 14:45:01] Date: 2025-12-22 | Jour: 22
[2025-12-22 14:45:01] ✓ No recurring transactions to generate.
[2025-12-22 14:45:01] ========== CRON END ==========
[2025-12-22 14:46:01] ========== CRON START ==========
[2025-12-22 14:46:01] Date: 2025-12-22 | Jour: 22
[2025-12-22 14:46:01] ✓ No recurring transactions to generate.
[2025-12-22 14:46:01] ========== CRON END ==========
[2025-12-22 14:47:01] ========== CRON START ==========
[2025-12-22 14:47:01] Date: 2025-12-22 | Jour: 22
[2025-12-22 14:47:01] ✓ No recurring transactions to generate.
[2025-12-22 14:47:01] ========== CRON END ==========
[2025-12-22 14:48:01] ========== CRON START ==========
[2025-12-22 14:48:01] Date: 2025-12-22 | Jour: 22
[2025-12-22 14:48:01] ✓ No recurring transactions to generate.
[2025-12-22 14:48:01] ========== CRON END ==========
[2025-12-22 14:49:01] ========== CRON START ==========
[2025-12-22 14:49:01] Date: 2025-12-22 | Jour: 22
[2025-12-22 14:49:01] ✓ No recurring transactions to generate.
[2025-12-22 14:49:01] ========== CRON END ==========
[2025-12-22 14:50:01] ========== CRON START ==========
[2025-12-22 14:50:01] Date: 2025-12-22 | Jour: 22
[2025-12-22 14:50:01] ✓ No recurring transactions to generate.
[2025-12-22 14:50:01] ========== CRON END ==========
[2025-12-22 14:51:01] ========== CRON START ==========
[2025-12-22 14:51:01] Date: 2025-12-22 | Jour: 22
[2025-12-22 14:51:01] ✓ No recurring transactions to generate.
[2025-12-22 14:51:01] ========== CRON END ==========
[2025-12-22 14:52:01] ========== CRON START ==========
[2025-12-22 14:52:01] Date: 2025-12-22 | Jour: 22
[2025-12-22 14:52:01] ✓ No recurring transactions to generate.
[2025-12-22 14:52:01] ========== CRON END ==========
[2025-12-22 14:53:01] ========== CRON START ==========
[2025-12-22 14:53:01] Date: 2025-12-22 | Jour: 22
[2025-12-22 14:53:01] ✓ No recurring transactions to generate.
[2025-12-22 14:53:01] ========== CRON END ==========
[2025-12-22 14:54:01] ========== CRON START ==========
[2025-12-22 14:54:01] Date: 2025-12-22 | Jour: 22
[2025-12-22 14:54:01] ✓ No recurring transactions to generate.
[2025-12-22 14:54:01] ========== CRON END ==========
[2025-12-22 14:55:01] ========== CRON START ==========
[2025-12-22 14:55:01] Date: 2025-12-22 | Jour: 22
[2025-12-22 14:55:01] ✓ No recurring transactions to generate.
[2025-12-22 14:55:01] ========== CRON END ==========
[2025-12-22 14:56:01] ========== CRON START ==========
[2025-12-22 14:56:01] Date: 2025-12-22 | Jour: 22
[2025-12-22 14:56:01] ✓ No recurring transactions to generate.
[2025-12-22 14:56:01] ========== CRON END ==========
[2025-12-22 14:57:01] ========== CRON START ==========
[2025-12-22 14:57:01] Date: 2025-12-22 | Jour: 22
[2025-12-22 14:57:01] ✓ No recurring transactions to generate.
[2025-12-22 14:57:01] ========== CRON END ==========
[2025-12-22 14:58:01] ========== CRON START ==========
[2025-12-22 14:58:01] Date: 2025-12-22 | Jour: 22
[2025-12-22 14:58:01] ✓ No recurring transactions to generate.
[2025-12-22 14:58:01] ========== CRON END ==========
[2025-12-22 14:59:01] ========== CRON START ==========
[2025-12-22 14:59:01] Date: 2025-12-22 | Jour: 22
[2025-12-22 14:59:01] ✓ No recurring transactions to generate.
[2025-12-22 14:59:01] ========== CRON END ==========
[2025-12-22 15:00:01] ========== CRON START ==========
[2025-12-22 15:00:01] Date: 2025-12-22 | Jour: 22
[2025-12-22 15:00:01] ✓ No recurring transactions to generate.
[2025-12-22 15:00:01] ========== CRON END ==========
[2025-12-22 15:01:01] ========== CRON START ==========
[2025-12-22 15:01:01] Date: 2025-12-22 | Jour: 22
[2025-12-22 15:01:01] ✓ No recurring transactions to generate.
[2025-12-22 15:01:01] ========== CRON END ==========
[2025-12-22 15:02:01] ========== CRON START ==========
[2025-12-22 15:02:01] Date: 2025-12-22 | Jour: 22
[2025-12-22 15:02:01] ✓ No recurring transactions to generate.
[2025-12-22 15:02:01] ========== CRON END ==========
[2025-12-22 15:03:01] ========== CRON START ==========
[2025-12-22 15:03:01] Date: 2025-12-22 | Jour: 22
[2025-12-22 15:03:01] ✓ No recurring transactions to generate.
[2025-12-22 15:03:01] ========== CRON END ==========
[2025-12-22 15:04:01] ========== CRON START ==========
[2025-12-22 15:04:01] Date: 2025-12-22 | Jour: 22
[2025-12-22 15:04:01] ✓ No recurring transactions to generate.
[2025-12-22 15:04:01] ========== CRON END ==========
[2025-12-22 15:05:02] ========== CRON START ==========
[2025-12-22 15:05:02] Date: 2025-12-22 | Jour: 22
[2025-12-22 15:05:02] ✓ No recurring transactions to generate.
[2025-12-22 15:05:02] ========== CRON END ==========
[2025-12-22 15:06:01] ========== CRON START ==========
[2025-12-22 15:06:01] Date: 2025-12-22 | Jour: 22
[2025-12-22 15:06:01] ✓ No recurring transactions to generate.
[2025-12-22 15:06:01] ========== CRON END ==========
[2025-12-22 15:07:01] ========== CRON START ==========
[2025-12-22 15:07:01] Date: 2025-12-22 | Jour: 22
[2025-12-22 15:07:01] ✓ No recurring transactions to generate.
[2025-12-22 15:07:01] ========== CRON END ==========
[2025-12-22 15:08:01] ========== CRON START ==========
[2025-12-22 15:08:01] Date: 2025-12-22 | Jour: 22
[2025-12-22 15:08:01] ✓ No recurring transactions to generate.
[2025-12-22 15:08:01] ========== CRON END ==========
[2025-12-22 15:27:19] ========== CRON START ==========
[2025-12-22 15:27:19] Date: 2025-12-22 | Jour: 22
[2025-12-22 15:27:19] ✓ No recurring transactions to generate.
[2025-12-22 15:27:19] ========== CRON END ==========
[2025-12-22 15:28:01] ========== CRON START ==========
[2025-12-22 15:28:01] Date: 2025-12-22 | Jour: 22
[2025-12-22 15:28:01] ✓ No recurring transactions to generate.
[2025-12-22 15:28:01] ========== CRON END ==========
[2025-12-22 15:29:02] ========== CRON START ==========
[2025-12-22 15:29:02] Date: 2025-12-22 | Jour: 22
[2025-12-22 15:29:02] ✓ No recurring transactions to generate.
[2025-12-22 15:29:02] ========== CRON END ==========
[2025-12-22 15:30:01] ========== CRON START ==========
[2025-12-22 15:30:01] Date: 2025-12-22 | Jour: 22
[2025-12-22 15:30:01] ✓ No recurring transactions to generate.
[2025-12-22 15:30:01] ========== CRON END ==========
[2025-12-22 15:31:01] ========== CRON START ==========
[2025-12-22 15:31:01] Date: 2025-12-22 | Jour: 22
[2025-12-22 15:31:01] ✓ No recurring transactions to generate.
[2025-12-22 15:31:01] ========== CRON END ==========
[2025-12-22 15:32:01] ========== CRON START ==========
[2025-12-22 15:32:01] Date: 2025-12-22 | Jour: 22
[2025-12-22 15:32:01] ✓ No recurring transactions to generate.
[2025-12-22 15:32:01] ========== CRON END ==========
[2025-12-22 15:33:01] ========== CRON START ==========
[2025-12-22 15:33:01] Date: 2025-12-22 | Jour: 22
[2025-12-22 15:33:01] ✓ No recurring transactions to generate.
[2025-12-22 15:33:01] ========== CRON END ==========
[2025-12-22 15:34:01] ========== CRON START ==========
[2025-12-22 15:34:01] Date: 2025-12-22 | Jour: 22
[2025-12-22 15:34:01] ✓ No recurring transactions to generate.
[2025-12-22 15:34:01] ========== CRON END ==========
[2025-12-22 15:35:01] ========== CRON START ==========
[2025-12-22 15:35:01] Date: 2025-12-22 | Jour: 22
[2025-12-22 15:35:01] ✓ No recurring transactions to generate.
[2025-12-22 15:35:01] ========== CRON END ==========
[2025-12-22 15:36:01] ========== CRON START ==========
[2025-12-22 15:36:01] Date: 2025-12-22 | Jour: 22
[2025-12-22 15:36:01] ✓ No recurring transactions to generate.
[2025-12-22 15:36:01] ========== CRON END ==========
[2025-12-22 15:37:01] ========== CRON START ==========
[2025-12-22 15:37:01] Date: 2025-12-22 | Jour: 22
[2025-12-22 15:37:01] ✓ No recurring transactions to generate.
[2025-12-22 15:37:01] ========== CRON END ==========
[2025-12-22 15:38:01] ========== CRON START ==========
[2025-12-22 15:38:01] Date: 2025-12-22 | Jour: 22
[2025-12-22 15:38:01] ✓ No recurring transactions to generate.
[2025-12-22 15:38:01] ========== CRON END ==========
[2025-12-22 15:39:01] ========== CRON START ==========
[2025-12-22 15:39:01] Date: 2025-12-22 | Jour: 22
[2025-12-22 15:39:01] ✓ No recurring transactions to generate.
[2025-12-22 15:39:01] ========== CRON END ==========
[2025-12-22 15:40:01] ========== CRON START ==========
[2025-12-22 15:40:01] Date: 2025-12-22 | Jour: 22
[2025-12-22 15:40:01] ✓ No recurring transactions to generate.
[2025-12-22 15:40:01] ========== CRON END ==========
[2025-12-22 15:41:01] ========== CRON START ==========
[2025-12-22 15:41:01] Date: 2025-12-22 | Jour: 22
[2025-12-22 15:41:01] ✓ No recurring transactions to generate.
[2025-12-22 15:41:01] ========== CRON END ==========
[2025-12-22 15:42:01] ========== CRON START ==========
[2025-12-22 15:42:01] Date: 2025-12-22 | Jour: 22
[2025-12-22 15:42:01] ✓ No recurring transactions to generate.
[2025-12-22 15:42:01] ========== CRON END ==========
[2025-12-22 15:43:01] ========== CRON START ==========
[2025-12-22 15:43:01] Date: 2025-12-22 | Jour: 22
[2025-12-22 15:43:01] ✓ No recurring transactions to generate.
[2025-12-22 15:43:01] ========== CRON END ==========
[2025-12-22 15:44:01] ========== CRON START ==========
[2025-12-22 15:44:01] Date: 2025-12-22 | Jour: 22
[2025-12-22 15:44:01] ✓ No recurring transactions to generate.
[2025-12-22 15:44:01] ========== CRON END ==========
[2025-12-22 15:45:01] ========== CRON START ==========
[2025-12-22 15:45:01] Date: 2025-12-22 | Jour: 22
[2025-12-22 15:45:01] ✓ No recurring transactions to generate.
[2025-12-22 15:45:01] ========== CRON END ==========
[2025-12-22 15:46:01] ========== CRON START ==========
[2025-12-22 15:46:01] Date: 2025-12-22 | Jour: 22
[2025-12-22 15:46:01] ✓ No recurring transactions to generate.
[2025-12-22 15:46:01] ========== CRON END ==========
[2025-12-22 15:47:01] ========== CRON START ==========
[2025-12-22 15:47:01] Date: 2025-12-22 | Jour: 22
[2025-12-22 15:47:01] ✓ No recurring transactions to generate.
[2025-12-22 15:47:01] ========== CRON END ==========
[2025-12-22 15:48:01] ========== CRON START ==========
[2025-12-22 15:48:01] Date: 2025-12-22 | Jour: 22
[2025-12-22 15:48:01] ✓ No recurring transactions to generate.
[2025-12-22 15:48:01] ========== CRON END ==========
[2025-12-22 15:49:02] ========== CRON START ==========
[2025-12-22 15:49:02] Date: 2025-12-22 | Jour: 22
[2025-12-22 15:49:02] ✓ No recurring transactions to generate.
[2025-12-22 15:49:02] ========== CRON END ==========
[2025-12-22 15:50:01] ========== CRON START ==========
[2025-12-22 15:50:01] Date: 2025-12-22 | Jour: 22
[2025-12-22 15:50:01] ✓ No recurring transactions to generate.
[2025-12-22 15:50:01] ========== CRON END ==========
[2025-12-22 15:51:01] ========== CRON START ==========
[2025-12-22 15:51:01] Date: 2025-12-22 | Jour: 22
[2025-12-22 15:51:01] ✓ No recurring transactions to generate.
[2025-12-22 15:51:01] ========== CRON END ==========
[2025-12-22 15:52:01] ========== CRON START ==========
[2025-12-22 15:52:01] Date: 2025-12-22 | Jour: 22
[2025-12-22 15:52:01] ✓ No recurring transactions to generate.
[2025-12-22 15:52:01] ========== CRON END ==========
[2025-12-22 15:53:01] ========== CRON START ==========
[2025-12-22 15:53:01] Date: 2025-12-22 | Jour: 22
[2025-12-22 15:53:01] ✓ No recurring transactions to generate.
[2025-12-22 15:53:01] ========== CRON END ==========
[2025-12-22 15:54:01] ========== CRON START ==========
[2025-12-22 15:54:01] Date: 2025-12-22 | Jour: 22
[2025-12-22 15:54:01] ✓ No recurring transactions to generate.
[2025-12-22 15:54:01] ========== CRON END ==========
[2025-12-22 15:55:01] ========== CRON START ==========
[2025-12-22 15:55:01] Date: 2025-12-22 | Jour: 22
[2025-12-22 15:55:01] ✓ No recurring transactions to generate.
[2025-12-22 15:55:01] ========== CRON END ==========
[2025-12-22 15:56:01] ========== CRON START ==========
[2025-12-22 15:56:01] Date: 2025-12-22 | Jour: 22
[2025-12-22 15:56:01] ✓ No recurring transactions to generate.
[2025-12-22 15:56:01] ========== CRON END ==========
[2025-12-22 15:57:01] ========== CRON START ==========
[2025-12-22 15:57:01] Date: 2025-12-22 | Jour: 22
[2025-12-22 15:57:01] ✓ No recurring transactions to generate.
[2025-12-22 15:57:01] ========== CRON END ==========
[2025-12-22 15:58:01] ========== CRON START ==========
[2025-12-22 15:58:01] Date: 2025-12-22 | Jour: 22
[2025-12-22 15:58:01] ✓ No recurring transactions to generate.
[2025-12-22 15:58:01] ========== CRON END ==========
[2025-12-22 15:59:01] ========== CRON START ==========
[2025-12-22 15:59:01] Date: 2025-12-22 | Jour: 22
[2025-12-22 15:59:01] ✓ No recurring transactions to generate.
[2025-12-22 15:59:01] ========== CRON END ==========
[2025-12-22 16:22:07] ========== CRON START ==========
[2025-12-22 16:22:07] Date: 2025-12-22 | Jour: 22
[2025-12-22 16:22:07] ✓ No recurring transactions to generate.
[2025-12-22 16:22:07] ========== CRON END ==========
[2025-12-22 16:23:01] ========== CRON START ==========
[2025-12-22 16:23:01] Date: 2025-12-22 | Jour: 22
[2025-12-22 16:23:01] ✓ No recurring transactions to generate.
[2025-12-22 16:23:01] ========== CRON END ==========
[2025-12-22 16:24:01] ========== CRON START ==========
[2025-12-22 16:24:01] Date: 2025-12-22 | Jour: 22
[2025-12-22 16:24:01] ✓ No recurring transactions to generate.
[2025-12-22 16:24:01] ========== CRON END ==========
[2025-12-22 16:25:01] ========== CRON START ==========
[2025-12-22 16:25:01] Date: 2025-12-22 | Jour: 22
[2025-12-22 16:25:01] ✓ No recurring transactions to generate.
[2025-12-22 16:25:01] ========== CRON END ==========
[2025-12-22 16:26:01] ========== CRON START ==========
[2025-12-22 16:26:01] Date: 2025-12-22 | Jour: 22
[2025-12-22 16:26:01] ✓ No recurring transactions to generate.
[2025-12-22 16:26:01] ========== CRON END ==========
[2025-12-22 16:27:01] ========== CRON START ==========
[2025-12-22 16:27:01] Date: 2025-12-22 | Jour: 22
[2025-12-22 16:27:01] ✓ No recurring transactions to generate.
[2025-12-22 16:27:01] ========== CRON END ==========
[2025-12-22 16:28:01] ========== CRON START ==========
[2025-12-22 16:28:01] Date: 2025-12-22 | Jour: 22
[2025-12-22 16:28:01] ✓ No recurring transactions to generate.
[2025-12-22 16:28:01] ========== CRON END ==========
[2025-12-22 16:29:01] ========== CRON START ==========
[2025-12-22 16:29:01] Date: 2025-12-22 | Jour: 22
[2025-12-22 16:29:01] ✓ No recurring transactions to generate.
[2025-12-22 16:29:01] ========== CRON END ==========
[2025-12-22 16:30:01] ========== CRON START ==========
[2025-12-22 16:30:01] Date: 2025-12-22 | Jour: 22
[2025-12-22 16:30:01] ✓ No recurring transactions to generate.
[2025-12-22 16:30:01] ========== CRON END ==========
[2025-12-22 16:31:01] ========== CRON START ==========
[2025-12-22 16:31:01] Date: 2025-12-22 | Jour: 22
[2025-12-22 16:31:01] ✓ No recurring transactions to generate.
[2025-12-22 16:31:01] ========== CRON END ==========
[2025-12-22 16:32:01] ========== CRON START ==========
[2025-12-22 16:32:01] Date: 2025-12-22 | Jour: 22
[2025-12-22 16:32:01] ✓ No recurring transactions to generate.
[2025-12-22 16:32:01] ========== CRON END ==========
[2025-12-22 16:33:01] ========== CRON START ==========
[2025-12-22 16:33:01] Date: 2025-12-22 | Jour: 22
[2025-12-22 16:33:01] ✓ No recurring transactions to generate.
[2025-12-22 16:33:01] ========== CRON END ==========
[2025-12-22 16:34:01] ========== CRON START ==========
[2025-12-22 16:34:01] Date: 2025-12-22 | Jour: 22
[2025-12-22 16:34:01] ✓ No recurring transactions to generate.
[2025-12-22 16:34:01] ========== CRON END ==========
[2025-12-22 16:35:01] ========== CRON START ==========
[2025-12-22 16:35:01] Date: 2025-12-22 | Jour: 22
[2025-12-22 16:35:01] ✓ No recurring transactions to generate.
[2025-12-22 16:35:01] ========== CRON END ==========
[2025-12-22 16:36:01] ========== CRON START ==========
[2025-12-22 16:36:01] Date: 2025-12-22 | Jour: 22
[2025-12-22 16:36:01] ✓ No recurring transactions to generate.
[2025-12-22 16:36:01] ========== CRON END ==========
[2025-12-22 16:37:01] ========== CRON START ==========
[2025-12-22 16:37:01] Date: 2025-12-22 | Jour: 22
[2025-12-22 16:37:01] ✓ No recurring transactions to generate.
[2025-12-22 16:37:01] ========== CRON END ==========
[2025-12-22 16:38:01] ========== CRON START ==========
[2025-12-22 16:38:01] Date: 2025-12-22 | Jour: 22
[2025-12-22 16:38:01] ✓ No recurring transactions to generate.
[2025-12-22 16:38:01] ========== CRON END ==========
[2025-12-22 16:39:02] ========== CRON START ==========
[2025-12-22 16:39:02] Date: 2025-12-22 | Jour: 22
[2025-12-22 16:39:02] ✓ No recurring transactions to generate.
[2025-12-22 16:39:02] ========== CRON END ==========
[2025-12-22 16:40:01] ========== CRON START ==========
[2025-12-22 16:40:01] Date: 2025-12-22 | Jour: 22
[2025-12-22 16:40:01] ✓ No recurring transactions to generate.
[2025-12-22 16:40:01] ========== CRON END ==========
[2025-12-22 16:41:01] ========== CRON START ==========
[2025-12-22 16:41:01] Date: 2025-12-22 | Jour: 22
[2025-12-22 16:41:01] ✓ No recurring transactions to generate.
[2025-12-22 16:41:01] ========== CRON END ==========
[2025-12-22 16:42:01] ========== CRON START ==========
[2025-12-22 16:42:01] Date: 2025-12-22 | Jour: 22
[2025-12-22 16:42:01] ✓ No recurring transactions to generate.
[2025-12-22 16:42:01] ========== CRON END ==========
[2025-12-22 16:43:01] ========== CRON START ==========
[2025-12-22 16:43:01] Date: 2025-12-22 | Jour: 22
[2025-12-22 16:43:01] ✓ No recurring transactions to generate.
[2025-12-22 16:43:01] ========== CRON END ==========
[2025-12-22 16:44:01] ========== CRON START ==========
[2025-12-22 16:44:01] Date: 2025-12-22 | Jour: 22
[2025-12-22 16:44:01] ✓ No recurring transactions to generate.
[2025-12-22 16:44:01] ========== CRON END ==========
[2025-12-22 16:45:01] ========== CRON START ==========
[2025-12-22 16:45:01] Date: 2025-12-22 | Jour: 22
[2025-12-22 16:45:01] ✓ No recurring transactions to generate.
[2025-12-22 16:45:01] ========== CRON END ==========
[2025-12-22 16:46:02] ========== CRON START ==========
[2025-12-22 16:46:02] Date: 2025-12-22 | Jour: 22
[2025-12-22 16:46:02] ✓ No recurring transactions to generate.
[2025-12-22 16:46:02] ========== CRON END ==========
[2025-12-22 16:47:01] ========== CRON START ==========
[2025-12-22 16:47:01] Date: 2025-12-22 | Jour: 22
[2025-12-22 16:47:01] ✓ No recurring transactions to generate.
[2025-12-22 16:47:01] ========== CRON END ==========
[2025-12-22 16:48:01] ========== CRON START ==========
[2025-12-22 16:48:01] Date: 2025-12-22 | Jour: 22
[2025-12-22 16:48:01] ✓ No recurring transactions to generate.
[2025-12-22 16:48:01] ========== CRON END ==========
[2025-12-22 16:49:01] ========== CRON START ==========
[2025-12-22 16:49:01] Date: 2025-12-22 | Jour: 22
[2025-12-22 16:49:01] ✓ No recurring transactions to generate.
[2025-12-22 16:49:01] ========== CRON END ==========
[2025-12-22 16:50:01] ========== CRON START ==========
[2025-12-22 16:50:01] Date: 2025-12-22 | Jour: 22
[2025-12-22 16:50:01] ✓ No recurring transactions to generate.
[2025-12-22 16:50:01] ========== CRON END ==========
[2025-12-22 16:51:01] ========== CRON START ==========
[2025-12-22 16:51:01] Date: 2025-12-22 | Jour: 22
[2025-12-22 16:51:01] ✓ No recurring transactions to generate.
[2025-12-22 16:51:01] ========== CRON END ==========
[2025-12-22 16:52:01] ========== CRON START ==========
[2025-12-22 16:52:01] Date: 2025-12-22 | Jour: 22
[2025-12-22 16:52:01] ✓ No recurring transactions to generate.
[2025-12-22 16:52:01] ========== CRON END ==========
[2025-12-22 16:53:01] ========== CRON START ==========
[2025-12-22 16:53:01] Date: 2025-12-22 | Jour: 22
[2025-12-22 16:53:01] ✓ No recurring transactions to generate.
[2025-12-22 16:53:01] ========== CRON END ==========
[2025-12-22 16:54:01] ========== CRON START ==========
[2025-12-22 16:54:01] Date: 2025-12-22 | Jour: 22
[2025-12-22 16:54:01] ✓ No recurring transactions to generate.
[2025-12-22 16:54:01] ========== CRON END ==========
[2025-12-22 16:55:01] ========== CRON START ==========
[2025-12-22 16:55:01] Date: 2025-12-22 | Jour: 22
[2025-12-22 16:55:01] ✓ No recurring transactions to generate.
[2025-12-22 16:55:01] ========== CRON END ==========
[2025-12-22 16:56:01] ========== CRON START ==========
[2025-12-22 16:56:01] Date: 2025-12-22 | Jour: 22
[2025-12-22 16:56:01] ✓ No recurring transactions to generate.
[2025-12-22 16:56:01] ========== CRON END ==========
[2025-12-22 16:57:01] ========== CRON START ==========
[2025-12-22 16:57:01] Date: 2025-12-22 | Jour: 22
[2025-12-22 16:57:01] ✓ No recurring transactions to generate.
[2025-12-22 16:57:01] ========== CRON END ==========
[2025-12-22 16:58:01] ========== CRON START ==========
[2025-12-22 16:58:01] Date: 2025-12-22 | Jour: 22
[2025-12-22 16:58:01] ✓ No recurring transactions to generate.
[2025-12-22 16:58:01] ========== CRON END ==========
[2025-12-22 16:59:01] ========== CRON START ==========
[2025-12-22 16:59:01] Date: 2025-12-22 | Jour: 22
[2025-12-22 16:59:01] ✓ No recurring transactions to generate.
[2025-12-22 16:59:01] ========== CRON END ==========
[2025-12-22 17:00:01] ========== CRON START ==========
[2025-12-22 17:00:01] Date: 2025-12-22 | Jour: 22
[2025-12-22 17:00:01] ✓ No recurring transactions to generate.
[2025-12-22 17:00:01] ========== CRON END ==========
[2025-12-22 17:01:01] ========== CRON START ==========
[2025-12-22 17:01:01] Date: 2025-12-22 | Jour: 22
[2025-12-22 17:01:01] ✓ No recurring transactions to generate.
[2025-12-22 17:01:01] ========== CRON END ==========
[2025-12-22 17:02:01] ========== CRON START ==========
[2025-12-22 17:02:01] Date: 2025-12-22 | Jour: 22
[2025-12-22 17:02:01] ✓ No recurring transactions to generate.
[2025-12-22 17:02:01] ========== CRON END ==========
[2025-12-22 17:03:01] ========== CRON START ==========
[2025-12-22 17:03:01] Date: 2025-12-22 | Jour: 22
[2025-12-22 17:03:01] ✓ No recurring transactions to generate.
[2025-12-22 17:03:01] ========== CRON END ==========
[2025-12-22 17:04:01] ========== CRON START ==========
[2025-12-22 17:04:01] Date: 2025-12-22 | Jour: 22
[2025-12-22 17:04:01] ✓ No recurring transactions to generate.
[2025-12-22 17:04:01] ========== CRON END ==========
[2025-12-22 17:05:01] ========== CRON START ==========
[2025-12-22 17:05:01] Date: 2025-12-22 | Jour: 22
[2025-12-22 17:05:01] ✓ No recurring transactions to generate.
[2025-12-22 17:05:01] ========== CRON END ==========
[2025-12-22 17:06:01] ========== CRON START ==========
[2025-12-22 17:06:01] Date: 2025-12-22 | Jour: 22
[2025-12-22 17:06:01] ✓ No recurring transactions to generate.
[2025-12-22 17:06:01] ========== CRON END ==========
[2025-12-22 17:07:01] ========== CRON START ==========
[2025-12-22 17:07:01] Date: 2025-12-22 | Jour: 22
[2025-12-22 17:07:01] ✓ No recurring transactions to generate.
[2025-12-22 17:07:01] ========== CRON END ==========
[2025-12-22 17:08:01] ========== CRON START ==========
[2025-12-22 17:08:01] Date: 2025-12-22 | Jour: 22
[2025-12-22 17:08:01] ✓ No recurring transactions to generate.
[2025-12-22 17:08:01] ========== CRON END ==========
[2025-12-22 17:09:02] ========== CRON START ==========
[2025-12-22 17:09:02] Date: 2025-12-22 | Jour: 22
[2025-12-22 17:09:02] ✓ No recurring transactions to generate.
[2025-12-22 17:09:02] ========== CRON END ==========
[2025-12-22 17:10:01] ========== CRON START ==========
[2025-12-22 17:10:01] Date: 2025-12-22 | Jour: 22
[2025-12-22 17:10:01] ✓ No recurring transactions to generate.
[2025-12-22 17:10:01] ========== CRON END ==========
[2025-12-22 17:11:01] ========== CRON START ==========
[2025-12-22 17:11:01] Date: 2025-12-22 | Jour: 22
[2025-12-22 17:11:01] ✓ No recurring transactions to generate.
[2025-12-22 17:11:01] ========== CRON END ==========
[2025-12-22 17:12:01] ========== CRON START ==========
[2025-12-22 17:12:01] Date: 2025-12-22 | Jour: 22
[2025-12-22 17:12:01] ✓ No recurring transactions to generate.
[2025-12-22 17:12:01] ========== CRON END ==========
[2025-12-22 17:13:01] ========== CRON START ==========
[2025-12-22 17:13:01] Date: 2025-12-22 | Jour: 22
[2025-12-22 17:13:01] ✓ No recurring transactions to generate.
[2025-12-22 17:13:01] ========== CRON END ==========
[2025-12-22 17:14:01] ========== CRON START ==========
[2025-12-22 17:14:01] Date: 2025-12-22 | Jour: 22
[2025-12-22 17:14:01] ✓ No recurring transactions to generate.
[2025-12-22 17:14:01] ========== CRON END ==========
[2025-12-22 17:15:01] ========== CRON START ==========
[2025-12-22 17:15:01] Date: 2025-12-22 | Jour: 22
[2025-12-22 17:15:01] ✓ No recurring transactions to generate.
[2025-12-22 17:15:01] ========== CRON END ==========
[2025-12-22 17:16:01] ========== CRON START ==========
[2025-12-22 17:16:01] Date: 2025-12-22 | Jour: 22
[2025-12-22 17:16:01] ✓ No recurring transactions to generate.
[2025-12-22 17:16:01] ========== CRON END ==========
[2025-12-22 17:17:01] ========== CRON START ==========
[2025-12-22 17:17:01] Date: 2025-12-22 | Jour: 22
[2025-12-22 17:17:01] ✓ No recurring transactions to generate.
[2025-12-22 17:17:01] ========== CRON END ==========
[2025-12-22 17:18:01] ========== CRON START ==========
[2025-12-22 17:18:01] Date: 2025-12-22 | Jour: 22
[2025-12-22 17:18:01] ✓ No recurring transactions to generate.
[2025-12-22 17:18:01] ========== CRON END ==========
[2025-12-22 17:19:01] ========== CRON START ==========
[2025-12-22 17:19:01] Date: 2025-12-22 | Jour: 22
[2025-12-22 17:19:01] ✓ No recurring transactions to generate.
[2025-12-22 17:19:01] ========== CRON END ==========
[2025-12-22 17:20:01] ========== CRON START ==========
[2025-12-22 17:20:01] Date: 2025-12-22 | Jour: 22
[2025-12-22 17:20:01] ✓ No recurring transactions to generate.
[2025-12-22 17:20:01] ========== CRON END ==========
[2025-12-22 17:21:01] ========== CRON START ==========
[2025-12-22 17:21:01] Date: 2025-12-22 | Jour: 22
[2025-12-22 17:21:01] ✓ No recurring transactions to generate.
[2025-12-22 17:21:01] ========== CRON END ==========
[2025-12-22 17:22:01] ========== CRON START ==========
[2025-12-22 17:22:01] Date: 2025-12-22 | Jour: 22
[2025-12-22 17:22:01] ✓ No recurring transactions to generate.
[2025-12-22 17:22:01] ========== CRON END ==========
[2025-12-22 17:23:01] ========== CRON START ==========
[2025-12-22 17:23:01] Date: 2025-12-22 | Jour: 22
[2025-12-22 17:23:01] ✓ No recurring transactions to generate.
[2025-12-22 17:23:01] ========== CRON END ==========
[2025-12-22 17:24:01] ========== CRON START ==========
[2025-12-22 17:24:01] Date: 2025-12-22 | Jour: 22
[2025-12-22 17:24:01] ✓ No recurring transactions to generate.
[2025-12-22 17:24:01] ========== CRON END ==========
[2025-12-22 17:25:01] ========== CRON START ==========
[2025-12-22 17:25:01] Date: 2025-12-22 | Jour: 22
[2025-12-22 17:25:01] ✓ No recurring transactions to generate.
[2025-12-22 17:25:01] ========== CRON END ==========
[2025-12-22 17:26:01] ========== CRON START ==========
[2025-12-22 17:26:01] Date: 2025-12-22 | Jour: 22
[2025-12-22 17:26:01] ✓ No recurring transactions to generate.
[2025-12-22 17:26:01] ========== CRON END ==========
[2025-12-22 17:27:01] ========== CRON START ==========
[2025-12-22 17:27:01] Date: 2025-12-22 | Jour: 22
[2025-12-22 17:27:01] ✓ No recurring transactions to generate.
[2025-12-22 17:27:01] ========== CRON END ==========
[2025-12-22 17:28:01] ========== CRON START ==========
[2025-12-22 17:28:01] Date: 2025-12-22 | Jour: 22
[2025-12-22 17:28:01] ✓ No recurring transactions to generate.
[2025-12-22 17:28:01] ========== CRON END ==========
[2025-12-22 17:29:01] ========== CRON START ==========
[2025-12-22 17:29:01] Date: 2025-12-22 | Jour: 22
[2025-12-22 17:29:01] ✓ No recurring transactions to generate.
[2025-12-22 17:29:01] ========== CRON END ==========
[2025-12-22 20:32:56] ========== CRON START ==========
[2025-12-22 20:32:56] Date: 2025-12-22 | Jour: 22
[2025-12-22 20:32:56] ✓ No recurring transactions to generate.
[2025-12-22 20:32:56] ========== CRON END ==========
[2025-12-22 20:33:02] ========== CRON START ==========
[2025-12-22 20:33:02] Date: 2025-12-22 | Jour: 22
[2025-12-22 20:33:02] ✓ No recurring transactions to generate.
[2025-12-22 20:33:02] ========== CRON END ==========
[2025-12-22 20:34:01] ========== CRON START ==========
[2025-12-22 20:34:01] Date: 2025-12-22 | Jour: 22
[2025-12-22 20:34:01] ✓ No recurring transactions to generate.
[2025-12-22 20:34:01] ========== CRON END ==========
[2025-12-22 20:35:01] ========== CRON START ==========
[2025-12-22 20:35:01] Date: 2025-12-22 | Jour: 22
[2025-12-22 20:35:01] ✓ No recurring transactions to generate.
[2025-12-22 20:35:01] ========== CRON END ==========
[2025-12-22 20:36:01] ========== CRON START ==========
[2025-12-22 20:36:01] Date: 2025-12-22 | Jour: 22
[2025-12-22 20:36:01] ✓ No recurring transactions to generate.
[2025-12-22 20:36:01] ========== CRON END ==========
[2025-12-22 20:37:01] ========== CRON START ==========
[2025-12-22 20:37:01] Date: 2025-12-22 | Jour: 22
[2025-12-22 20:37:01] ✓ No recurring transactions to generate.
[2025-12-22 20:37:01] ========== CRON END ==========
[2025-12-22 20:38:01] ========== CRON START ==========
[2025-12-22 20:38:01] Date: 2025-12-22 | Jour: 22
[2025-12-22 20:38:01] ✓ No recurring transactions to generate.
[2025-12-22 20:38:01] ========== CRON END ==========
[2025-12-22 20:39:01] ========== CRON START ==========
[2025-12-22 20:39:01] Date: 2025-12-22 | Jour: 22
[2025-12-22 20:39:01] ✓ No recurring transactions to generate.
[2025-12-22 20:39:01] ========== CRON END ==========
[2025-12-22 20:40:01] ========== CRON START ==========
[2025-12-22 20:40:01] Date: 2025-12-22 | Jour: 22
[2025-12-22 20:40:01] ✓ No recurring transactions to generate.
[2025-12-22 20:40:01] ========== CRON END ==========
[2025-12-22 20:41:01] ========== CRON START ==========
[2025-12-22 20:41:01] Date: 2025-12-22 | Jour: 22
[2025-12-22 20:41:01] ✓ No recurring transactions to generate.
[2025-12-22 20:41:01] ========== CRON END ==========
[2025-12-22 20:42:01] ========== CRON START ==========
[2025-12-22 20:42:01] Date: 2025-12-22 | Jour: 22
[2025-12-22 20:42:01] ✓ No recurring transactions to generate.
[2025-12-22 20:42:01] ========== CRON END ==========
[2025-12-22 20:43:01] ========== CRON START ==========
[2025-12-22 20:43:01] Date: 2025-12-22 | Jour: 22
[2025-12-22 20:43:01] ✓ No recurring transactions to generate.
[2025-12-22 20:43:01] ========== CRON END ==========
[2025-12-22 20:44:01] ========== CRON START ==========
[2025-12-22 20:44:01] Date: 2025-12-22 | Jour: 22
[2025-12-22 20:44:01] ✓ No recurring transactions to generate.
[2025-12-22 20:44:01] ========== CRON END ==========
[2025-12-22 20:45:01] ========== CRON START ==========
[2025-12-22 20:45:01] Date: 2025-12-22 | Jour: 22
[2025-12-22 20:45:01] ✓ No recurring transactions to generate.
[2025-12-22 20:45:01] ========== CRON END ==========
[2025-12-22 20:46:01] ========== CRON START ==========
[2025-12-22 20:46:01] Date: 2025-12-22 | Jour: 22
[2025-12-22 20:46:01] ✓ No recurring transactions to generate.
[2025-12-22 20:46:01] ========== CRON END ==========
[2025-12-22 20:47:01] ========== CRON START ==========
[2025-12-22 20:47:01] Date: 2025-12-22 | Jour: 22
[2025-12-22 20:47:01] ✓ No recurring transactions to generate.
[2025-12-22 20:47:01] ========== CRON END ==========
[2025-12-22 20:48:01] ========== CRON START ==========
[2025-12-22 20:48:01] Date: 2025-12-22 | Jour: 22
[2025-12-22 20:48:01] ✓ No recurring transactions to generate.
[2025-12-22 20:48:01] ========== CRON END ==========
[2025-12-22 20:49:01] ========== CRON START ==========
[2025-12-22 20:49:01] Date: 2025-12-22 | Jour: 22
[2025-12-22 20:49:01] ✓ No recurring transactions to generate.
[2025-12-22 20:49:01] ========== CRON END ==========
[2025-12-22 20:50:01] ========== CRON START ==========
[2025-12-22 20:50:01] Date: 2025-12-22 | Jour: 22
[2025-12-22 20:50:01] ✓ No recurring transactions to generate.
[2025-12-22 20:50:01] ========== CRON END ==========
[2025-12-22 20:51:01] ========== CRON START ==========
[2025-12-22 20:51:01] Date: 2025-12-22 | Jour: 22
[2025-12-22 20:51:01] ✓ No recurring transactions to generate.
[2025-12-22 20:51:01] ========== CRON END ==========
[2025-12-22 20:52:01] ========== CRON START ==========
[2025-12-22 20:52:01] Date: 2025-12-22 | Jour: 22
[2025-12-22 20:52:01] ✓ No recurring transactions to generate.
[2025-12-22 20:52:01] ========== CRON END ==========
[2025-12-22 20:53:01] ========== CRON START ==========
[2025-12-22 20:53:01] Date: 2025-12-22 | Jour: 22
[2025-12-22 20:53:01] ✓ No recurring transactions to generate.
[2025-12-22 20:53:01] ========== CRON END ==========
[2025-12-22 20:54:01] ========== CRON START ==========
[2025-12-22 20:54:01] Date: 2025-12-22 | Jour: 22
[2025-12-22 20:54:01] ✓ No recurring transactions to generate.
[2025-12-22 20:54:01] ========== CRON END ==========
[2025-12-22 20:55:01] ========== CRON START ==========
[2025-12-22 20:55:01] Date: 2025-12-22 | Jour: 22
[2025-12-22 20:55:01] ✓ No recurring transactions to generate.
[2025-12-22 20:55:01] ========== CRON END ==========
[2025-12-22 20:56:01] ========== CRON START ==========
[2025-12-22 20:56:01] Date: 2025-12-22 | Jour: 22
[2025-12-22 20:56:01] ✓ No recurring transactions to generate.
[2025-12-22 20:56:01] ========== CRON END ==========
[2025-12-22 20:57:01] ========== CRON START ==========
[2025-12-22 20:57:01] Date: 2025-12-22 | Jour: 22
[2025-12-22 20:57:01] ✓ No recurring transactions to generate.
[2025-12-22 20:57:01] ========== CRON END ==========
[2025-12-22 20:58:01] ========== CRON START ==========
[2025-12-22 20:58:01] Date: 2025-12-22 | Jour: 22
[2025-12-22 20:58:01] ✓ No recurring transactions to generate.
[2025-12-22 20:58:01] ========== CRON END ==========
[2025-12-22 20:59:01] ========== CRON START ==========
[2025-12-22 20:59:01] Date: 2025-12-22 | Jour: 22
[2025-12-22 20:59:01] ✓ No recurring transactions to generate.
[2025-12-22 20:59:01] ========== CRON END ==========
[2025-12-22 21:00:01] ========== CRON START ==========
[2025-12-22 21:00:01] Date: 2025-12-22 | Jour: 22
[2025-12-22 21:00:01] ✓ No recurring transactions to generate.
[2025-12-22 21:00:01] ========== CRON END ==========
[2025-12-22 21:01:01] ========== CRON START ==========
[2025-12-22 21:01:01] Date: 2025-12-22 | Jour: 22
[2025-12-22 21:01:01] ✓ No recurring transactions to generate.
[2025-12-22 21:01:01] ========== CRON END ==========
[2025-12-22 21:02:01] ========== CRON START ==========
[2025-12-22 21:02:01] Date: 2025-12-22 | Jour: 22
[2025-12-22 21:02:01] ✓ No recurring transactions to generate.
[2025-12-22 21:02:01] ========== CRON END ==========
[2025-12-22 21:03:01] ========== CRON START ==========
[2025-12-22 21:03:01] Date: 2025-12-22 | Jour: 22
[2025-12-22 21:03:01] ✓ No recurring transactions to generate.
[2025-12-22 21:03:01] ========== CRON END ==========
[2025-12-22 21:04:01] ========== CRON START ==========
[2025-12-22 21:04:01] Date: 2025-12-22 | Jour: 22
[2025-12-22 21:04:01] ✓ No recurring transactions to generate.
[2025-12-22 21:04:01] ========== CRON END ==========
[2025-12-22 21:05:01] ========== CRON START ==========
[2025-12-22 21:05:01] Date: 2025-12-22 | Jour: 22
[2025-12-22 21:05:01] ✓ No recurring transactions to generate.
[2025-12-22 21:05:01] ========== CRON END ==========
[2025-12-22 21:06:01] ========== CRON START ==========
[2025-12-22 21:06:01] Date: 2025-12-22 | Jour: 22
[2025-12-22 21:06:01] ✓ No recurring transactions to generate.
[2025-12-22 21:06:01] ========== CRON END ==========
[2025-12-22 21:07:01] ========== CRON START ==========
[2025-12-22 21:07:01] Date: 2025-12-22 | Jour: 22
[2025-12-22 21:07:01] ✓ No recurring transactions to generate.
[2025-12-22 21:07:01] ========== CRON END ==========
[2025-12-22 21:08:01] ========== CRON START ==========
[2025-12-22 21:08:01] Date: 2025-12-22 | Jour: 22
[2025-12-22 21:08:01] ✓ No recurring transactions to generate.
[2025-12-22 21:08:01] ========== CRON END ==========
[2025-12-22 21:09:01] ========== CRON START ==========
[2025-12-22 21:09:01] Date: 2025-12-22 | Jour: 22
[2025-12-22 21:09:01] ✓ No recurring transactions to generate.
[2025-12-22 21:09:01] ========== CRON END ==========
[2025-12-22 21:10:01] ========== CRON START ==========
[2025-12-22 21:10:01] Date: 2025-12-22 | Jour: 22
[2025-12-22 21:10:01] ✓ No recurring transactions to generate.
[2025-12-22 21:10:01] ========== CRON END ==========
[2025-12-22 21:11:01] ========== CRON START ==========
[2025-12-22 21:11:01] Date: 2025-12-22 | Jour: 22
[2025-12-22 21:11:01] ✓ No recurring transactions to generate.
[2025-12-22 21:11:01] ========== CRON END ==========
[2025-12-22 21:12:01] ========== CRON START ==========
[2025-12-22 21:12:01] Date: 2025-12-22 | Jour: 22
[2025-12-22 21:12:01] ✓ No recurring transactions to generate.
[2025-12-22 21:12:01] ========== CRON END ==========
[2025-12-22 21:13:01] ========== CRON START ==========
[2025-12-22 21:13:01] Date: 2025-12-22 | Jour: 22
[2025-12-22 21:13:01] ✓ No recurring transactions to generate.
[2025-12-22 21:13:01] ========== CRON END ==========
[2025-12-22 21:14:01] ========== CRON START ==========
[2025-12-22 21:14:01] Date: 2025-12-22 | Jour: 22
[2025-12-22 21:14:01] ✓ No recurring transactions to generate.
[2025-12-22 21:14:01] ========== CRON END ==========
[2025-12-22 21:15:01] ========== CRON START ==========
[2025-12-22 21:15:01] Date: 2025-12-22 | Jour: 22
[2025-12-22 21:15:01] ✓ No recurring transactions to generate.
[2025-12-22 21:15:01] ========== CRON END ==========
[2025-12-22 21:16:01] ========== CRON START ==========
[2025-12-22 21:16:01] Date: 2025-12-22 | Jour: 22
[2025-12-22 21:16:01] ✓ No recurring transactions to generate.
[2025-12-22 21:16:01] ========== CRON END ==========
[2025-12-22 21:17:01] ========== CRON START ==========
[2025-12-22 21:17:01] Date: 2025-12-22 | Jour: 22
[2025-12-22 21:17:01] ✓ No recurring transactions to generate.
[2025-12-22 21:17:01] ========== CRON END ==========
[2025-12-22 21:18:01] ========== CRON START ==========
[2025-12-22 21:18:01] Date: 2025-12-22 | Jour: 22
[2025-12-22 21:18:01] ✓ No recurring transactions to generate.
[2025-12-22 21:18:01] ========== CRON END ==========
[2025-12-22 21:19:01] ========== CRON START ==========
[2025-12-22 21:19:01] Date: 2025-12-22 | Jour: 22
[2025-12-22 21:19:01] ✓ No recurring transactions to generate.
[2025-12-22 21:19:01] ========== CRON END ==========
[2025-12-22 21:20:01] ========== CRON START ==========
[2025-12-22 21:20:01] Date: 2025-12-22 | Jour: 22
[2025-12-22 21:20:01] ✓ No recurring transactions to generate.
[2025-12-22 21:20:01] ========== CRON END ==========
[2025-12-22 21:21:01] ========== CRON START ==========
[2025-12-22 21:21:01] Date: 2025-12-22 | Jour: 22
[2025-12-22 21:21:01] ✓ No recurring transactions to generate.
[2025-12-22 21:21:01] ========== CRON END ==========
[2025-12-22 21:22:01] ========== CRON START ==========
[2025-12-22 21:22:01] Date: 2025-12-22 | Jour: 22
[2025-12-22 21:22:01] ✓ No recurring transactions to generate.
[2025-12-22 21:22:01] ========== CRON END ==========
[2025-12-22 21:23:01] ========== CRON START ==========
[2025-12-22 21:23:01] Date: 2025-12-22 | Jour: 22
[2025-12-22 21:23:01] ✓ No recurring transactions to generate.
[2025-12-22 21:23:01] ========== CRON END ==========
[2025-12-22 21:24:01] ========== CRON START ==========
[2025-12-22 21:24:01] Date: 2025-12-22 | Jour: 22
[2025-12-22 21:24:01] ✓ No recurring transactions to generate.
[2025-12-22 21:24:01] ========== CRON END ==========
[2025-12-22 21:25:01] ========== CRON START ==========
[2025-12-22 21:25:01] Date: 2025-12-22 | Jour: 22
[2025-12-22 21:25:01] ✓ No recurring transactions to generate.
[2025-12-22 21:25:01] ========== CRON END ==========
[2025-12-22 21:26:01] ========== CRON START ==========
[2025-12-22 21:26:01] Date: 2025-12-22 | Jour: 22
[2025-12-22 21:26:01] ✓ No recurring transactions to generate.
[2025-12-22 21:26:01] ========== CRON END ==========
[2025-12-22 21:27:01] ========== CRON START ==========
[2025-12-22 21:27:01] Date: 2025-12-22 | Jour: 22
[2025-12-22 21:27:01] ✓ No recurring transactions to generate.
[2025-12-22 21:27:01] ========== CRON END ==========
[2025-12-22 21:28:01] ========== CRON START ==========
[2025-12-22 21:28:01] Date: 2025-12-22 | Jour: 22
[2025-12-22 21:28:01] ✓ No recurring transactions to generate.
[2025-12-22 21:28:01] ========== CRON END ==========
[2025-12-22 21:29:01] ========== CRON START ==========
[2025-12-22 21:29:01] Date: 2025-12-22 | Jour: 22
[2025-12-22 21:29:01] ✓ No recurring transactions to generate.
[2025-12-22 21:29:01] ========== CRON END ==========
[2025-12-22 21:30:01] ========== CRON START ==========
[2025-12-22 21:30:01] Date: 2025-12-22 | Jour: 22
[2025-12-22 21:30:01] ✓ No recurring transactions to generate.
[2025-12-22 21:30:01] ========== CRON END ==========
[2025-12-22 21:31:01] ========== CRON START ==========
[2025-12-22 21:31:01] Date: 2025-12-22 | Jour: 22
[2025-12-22 21:31:01] ✓ No recurring transactions to generate.
[2025-12-22 21:31:01] ========== CRON END ==========
[2025-12-22 21:32:01] ========== CRON START ==========
[2025-12-22 21:32:01] Date: 2025-12-22 | Jour: 22
[2025-12-22 21:32:01] ✓ No recurring transactions to generate.
[2025-12-22 21:32:01] ========== CRON END ==========
[2025-12-22 21:33:01] ========== CRON START ==========
[2025-12-22 21:33:01] Date: 2025-12-22 | Jour: 22
[2025-12-22 21:33:01] ✓ No recurring transactions to generate.
[2025-12-22 21:33:01] ========== CRON END ==========
[2025-12-22 21:34:01] ========== CRON START ==========
[2025-12-22 21:34:01] Date: 2025-12-22 | Jour: 22
[2025-12-22 21:34:01] ✓ No recurring transactions to generate.
[2025-12-22 21:34:01] ========== CRON END ==========
[2025-12-22 21:35:01] ========== CRON START ==========
[2025-12-22 21:35:01] Date: 2025-12-22 | Jour: 22
[2025-12-22 21:35:01] ✓ No recurring transactions to generate.
[2025-12-22 21:35:01] ========== CRON END ==========
[2025-12-22 21:36:02] ========== CRON START ==========
[2025-12-22 21:36:02] Date: 2025-12-22 | Jour: 22
[2025-12-22 21:36:02] ✓ No recurring transactions to generate.
[2025-12-22 21:36:02] ========== CRON END ==========
[2025-12-22 21:37:01] ========== CRON START ==========
[2025-12-22 21:37:01] Date: 2025-12-22 | Jour: 22
[2025-12-22 21:37:01] ✓ No recurring transactions to generate.
[2025-12-22 21:37:01] ========== CRON END ==========
[2025-12-22 21:38:01] ========== CRON START ==========
[2025-12-22 21:38:01] Date: 2025-12-22 | Jour: 22
[2025-12-22 21:38:01] ✓ No recurring transactions to generate.
[2025-12-22 21:38:01] ========== CRON END ==========
[2025-12-22 21:39:01] ========== CRON START ==========
[2025-12-22 21:39:01] Date: 2025-12-22 | Jour: 22
[2025-12-22 21:39:01] ✓ No recurring transactions to generate.
[2025-12-22 21:39:01] ========== CRON END ==========
[2025-12-22 21:40:01] ========== CRON START ==========
[2025-12-22 21:40:01] Date: 2025-12-22 | Jour: 22
[2025-12-22 21:40:01] ✓ No recurring transactions to generate.
[2025-12-22 21:40:01] ========== CRON END ==========
[2025-12-22 21:41:01] ========== CRON START ==========
[2025-12-22 21:41:01] Date: 2025-12-22 | Jour: 22
[2025-12-22 21:41:01] ✓ No recurring transactions to generate.
[2025-12-22 21:41:01] ========== CRON END ==========
[2025-12-22 21:42:01] ========== CRON START ==========
[2025-12-22 21:42:01] Date: 2025-12-22 | Jour: 22
[2025-12-22 21:42:01] ✓ No recurring transactions to generate.
[2025-12-22 21:42:01] ========== CRON END ==========
[2025-12-22 21:43:01] ========== CRON START ==========
[2025-12-22 21:43:01] Date: 2025-12-22 | Jour: 22
[2025-12-22 21:43:01] ✓ No recurring transactions to generate.
[2025-12-22 21:43:01] ========== CRON END ==========
[2025-12-22 21:44:01] ========== CRON START ==========
[2025-12-22 21:44:01] Date: 2025-12-22 | Jour: 22
[2025-12-22 21:44:01] ✓ No recurring transactions to generate.
[2025-12-22 21:44:01] ========== CRON END ==========
[2025-12-22 21:45:01] ========== CRON START ==========
[2025-12-22 21:45:01] Date: 2025-12-22 | Jour: 22
[2025-12-22 21:45:01] ✓ No recurring transactions to generate.
[2025-12-22 21:45:01] ========== CRON END ==========
[2025-12-22 21:46:01] ========== CRON START ==========
[2025-12-22 21:46:01] Date: 2025-12-22 | Jour: 22
[2025-12-22 21:46:01] ✓ No recurring transactions to generate.
[2025-12-22 21:46:01] ========== CRON END ==========
[2025-12-22 21:47:01] ========== CRON START ==========
[2025-12-22 21:47:01] Date: 2025-12-22 | Jour: 22
[2025-12-22 21:47:01] ✓ No recurring transactions to generate.
[2025-12-22 21:47:01] ========== CRON END ==========
[2025-12-22 21:48:01] ========== CRON START ==========
[2025-12-22 21:48:01] Date: 2025-12-22 | Jour: 22
[2025-12-22 21:48:01] ✓ No recurring transactions to generate.
[2025-12-22 21:48:01] ========== CRON END ==========
[2025-12-22 21:49:01] ========== CRON START ==========
[2025-12-22 21:49:01] Date: 2025-12-22 | Jour: 22
[2025-12-22 21:49:01] ✓ No recurring transactions to generate.
[2025-12-22 21:49:01] ========== CRON END ==========
[2025-12-22 21:50:01] ========== CRON START ==========
[2025-12-22 21:50:01] Date: 2025-12-22 | Jour: 22
[2025-12-22 21:50:01] ✓ No recurring transactions to generate.
[2025-12-22 21:50:01] ========== CRON END ==========
[2025-12-22 21:51:01] ========== CRON START ==========
[2025-12-22 21:51:01] Date: 2025-12-22 | Jour: 22
[2025-12-22 21:51:01] ✓ No recurring transactions to generate.
[2025-12-22 21:51:01] ========== CRON END ==========
[2025-12-22 21:52:01] ========== CRON START ==========
[2025-12-22 21:52:01] Date: 2025-12-22 | Jour: 22
[2025-12-22 21:52:01] ✓ No recurring transactions to generate.
[2025-12-22 21:52:01] ========== CRON END ==========
[2025-12-22 21:53:01] ========== CRON START ==========
[2025-12-22 21:53:01] Date: 2025-12-22 | Jour: 22
[2025-12-22 21:53:01] ✓ No recurring transactions to generate.
[2025-12-22 21:53:01] ========== CRON END ==========
[2025-12-22 21:54:01] ========== CRON START ==========
[2025-12-22 21:54:01] Date: 2025-12-22 | Jour: 22
[2025-12-22 21:54:01] ✓ No recurring transactions to generate.
[2025-12-22 21:54:01] ========== CRON END ==========
[2025-12-22 21:55:01] ========== CRON START ==========
[2025-12-22 21:55:01] Date: 2025-12-22 | Jour: 22
[2025-12-22 21:55:01] ✓ No recurring transactions to generate.
[2025-12-22 21:55:01] ========== CRON END ==========
[2025-12-22 21:56:01] ========== CRON START ==========
[2025-12-22 21:56:01] Date: 2025-12-22 | Jour: 22
[2025-12-22 21:56:01] ✓ No recurring transactions to generate.
[2025-12-22 21:56:01] ========== CRON END ==========
[2025-12-22 21:57:01] ========== CRON START ==========
[2025-12-22 21:57:01] Date: 2025-12-22 | Jour: 22
[2025-12-22 21:57:01] ✓ No recurring transactions to generate.
[2025-12-22 21:57:01] ========== CRON END ==========
[2025-12-22 21:58:01] ========== CRON START ==========
[2025-12-22 21:58:01] Date: 2025-12-22 | Jour: 22
[2025-12-22 21:58:01] ✓ No recurring transactions to generate.
[2025-12-22 21:58:01] ========== CRON END ==========
[2025-12-22 21:59:01] ========== CRON START ==========
[2025-12-22 21:59:01] Date: 2025-12-22 | Jour: 22
[2025-12-22 21:59:01] ✓ No recurring transactions to generate.
[2025-12-22 21:59:01] ========== CRON END ==========
[2025-12-22 22:00:01] ========== CRON START ==========
[2025-12-22 22:00:01] Date: 2025-12-22 | Jour: 22
[2025-12-22 22:00:01] ✓ No recurring transactions to generate.
[2025-12-22 22:00:01] ========== CRON END ==========
[2025-12-22 22:01:01] ========== CRON START ==========
[2025-12-22 22:01:01] Date: 2025-12-22 | Jour: 22
[2025-12-22 22:01:01] ✓ No recurring transactions to generate.
[2025-12-22 22:01:01] ========== CRON END ==========
[2025-12-22 22:02:01] ========== CRON START ==========
[2025-12-22 22:02:01] Date: 2025-12-22 | Jour: 22
[2025-12-22 22:02:01] ✓ No recurring transactions to generate.
[2025-12-22 22:02:01] ========== CRON END ==========
[2025-12-22 22:03:02] ========== CRON START ==========
[2025-12-22 22:03:02] Date: 2025-12-22 | Jour: 22
[2025-12-22 22:03:02] ✓ No recurring transactions to generate.
[2025-12-22 22:03:02] ========== CRON END ==========
[2025-12-22 22:04:01] ========== CRON START ==========
[2025-12-22 22:04:01] Date: 2025-12-22 | Jour: 22
[2025-12-22 22:04:01] ✓ No recurring transactions to generate.
[2025-12-22 22:04:01] ========== CRON END ==========
[2025-12-22 22:05:01] ========== CRON START ==========
[2025-12-22 22:05:01] Date: 2025-12-22 | Jour: 22
[2025-12-22 22:05:01] ✓ No recurring transactions to generate.
[2025-12-22 22:05:01] ========== CRON END ==========
[2025-12-22 22:06:01] ========== CRON START ==========
[2025-12-22 22:06:01] Date: 2025-12-22 | Jour: 22
[2025-12-22 22:06:01] ✓ No recurring transactions to generate.
[2025-12-22 22:06:01] ========== CRON END ==========
[2025-12-22 22:07:01] ========== CRON START ==========
[2025-12-22 22:07:01] Date: 2025-12-22 | Jour: 22
[2025-12-22 22:07:01] ✓ No recurring transactions to generate.
[2025-12-22 22:07:01] ========== CRON END ==========
[2025-12-22 22:08:01] ========== CRON START ==========
[2025-12-22 22:08:01] Date: 2025-12-22 | Jour: 22
[2025-12-22 22:08:01] ✓ No recurring transactions to generate.
[2025-12-22 22:08:01] ========== CRON END ==========
[2025-12-22 22:09:01] ========== CRON START ==========
[2025-12-22 22:09:01] Date: 2025-12-22 | Jour: 22
[2025-12-22 22:09:01] ✓ No recurring transactions to generate.
[2025-12-22 22:09:01] ========== CRON END ==========
[2025-12-22 22:10:01] ========== CRON START ==========
[2025-12-22 22:10:01] Date: 2025-12-22 | Jour: 22
[2025-12-22 22:10:01] ✓ No recurring transactions to generate.
[2025-12-22 22:10:01] ========== CRON END ==========
[2025-12-22 22:11:01] ========== CRON START ==========
[2025-12-22 22:11:01] Date: 2025-12-22 | Jour: 22
[2025-12-22 22:11:01] ✓ No recurring transactions to generate.
[2025-12-22 22:11:01] ========== CRON END ==========
[2025-12-22 22:12:01] ========== CRON START ==========
[2025-12-22 22:12:01] Date: 2025-12-22 | Jour: 22
[2025-12-22 22:12:01] ✓ No recurring transactions to generate.
[2025-12-22 22:12:01] ========== CRON END ==========
[2025-12-22 22:13:01] ========== CRON START ==========
[2025-12-22 22:13:01] Date: 2025-12-22 | Jour: 22
[2025-12-22 22:13:01] ✓ No recurring transactions to generate.
[2025-12-22 22:13:01] ========== CRON END ==========
[2025-12-22 22:14:01] ========== CRON START ==========
[2025-12-22 22:14:01] Date: 2025-12-22 | Jour: 22
[2025-12-22 22:14:01] ✓ No recurring transactions to generate.
[2025-12-22 22:14:01] ========== CRON END ==========
[2025-12-23 09:01:01] ========== CRON START ==========
[2025-12-23 09:01:01] Date: 2025-12-23 | Jour: 23
[2025-12-23 09:01:01] ✓ No recurring transactions to generate.
[2025-12-23 09:01:01] ========== CRON END ==========
[2025-12-23 09:02:00] ========== CRON START ==========
[2025-12-23 09:02:00] Date: 2025-12-23 | Jour: 23
[2025-12-23 09:02:00] ✓ No recurring transactions to generate.
[2025-12-23 09:02:00] ========== CRON END ==========
[2025-12-23 09:03:01] ========== CRON START ==========
[2025-12-23 09:03:01] Date: 2025-12-23 | Jour: 23
[2025-12-23 09:03:01] ✓ No recurring transactions to generate.
[2025-12-23 09:03:01] ========== CRON END ==========
[2025-12-23 09:04:01] ========== CRON START ==========
[2025-12-23 09:04:01] Date: 2025-12-23 | Jour: 23
[2025-12-23 09:04:01] ✓ No recurring transactions to generate.
[2025-12-23 09:04:01] ========== CRON END ==========
[2025-12-23 09:05:01] ========== CRON START ==========
[2025-12-23 09:05:01] Date: 2025-12-23 | Jour: 23
[2025-12-23 09:05:01] ✓ No recurring transactions to generate.
[2025-12-23 09:05:01] ========== CRON END ==========
[2025-12-23 09:06:01] ========== CRON START ==========
[2025-12-23 09:06:01] Date: 2025-12-23 | Jour: 23
[2025-12-23 09:06:01] ✓ No recurring transactions to generate.
[2025-12-23 09:06:01] ========== CRON END ==========
[2025-12-23 09:07:01] ========== CRON START ==========
[2025-12-23 09:07:01] Date: 2025-12-23 | Jour: 23
[2025-12-23 09:07:01] ✓ No recurring transactions to generate.
[2025-12-23 09:07:01] ========== CRON END ==========
[2025-12-23 09:08:02] ========== CRON START ==========
[2025-12-23 09:08:02] Date: 2025-12-23 | Jour: 23
[2025-12-23 09:08:02] ✓ No recurring transactions to generate.
[2025-12-23 09:08:02] ========== CRON END ==========
